{
  "city": "mumbai",
  "maxWorkplaceDistance": 60,
  "distance_kernel_a": 2.709,
  "distance_kernel_b": 1.278,
  "age_slum":
    {
	"bins": ["0-4", "5-9", "10-14", "15-19", "20-24", "25-29", "30-34", "35-39", "40-44", "45-49", "50-54", "55-59", "60-64", "65-69", "70-74", "75-79", "80+"],
	"weights":[0.0757, 0.0825, 0.0875, 0.0963, 0.0934, 0.0917, 0.0921, 0.0849, 0.0606, 0.0529, 0.0632, 0.0503, 0.0327, 0.0221, 0.0073, 0.0044, 0.0021],
	"source": "https://censusindia.gov.in/2011census/C-series/c-13/DDW-2700C-13.xls, with sero-survey data factored in"
    },
    "age_non_slum":
    {
	"bins": ["0-4", "5-9", "10-14", "15-19", "20-24", "25-29", "30-34", "35-39", "40-44", "45-49", "50-54", "55-59", "60-64", "65-69", "70-74", "75-79", "80+"],
	"weights":[0.0757, 0.0825, 0.0608, 0.0669, 0.0705, 0.0692, 0.0777, 0.0716, 0.0762, 0.0664, 0.0795, 0.0632, 0.0560, 0.0380, 0.0227, 0.0136, 0.0094],
	"source": "https://censusindia.gov.in/2011census/C-series/c-13/DDW-2700C-13.xls, with sero-survey data factored in"
    },
    "householdSize":
    {
	"bins": ["1",	"2",	"3",	"4",	"5",	"6",	"7-10", "11-14", "15+"],
	"weights": [0.0485,  0.1030,  0.1715,  0.2589,  0.1819,  0.1035,  0.1165,  0.0126,  0.0035],
	"source": "https://censusindia.gov.in/2011census/hh-series/HH-1/DDW-HH01-2700-2011.XLS"
    },
    "schoolsSize":
    {
	"bins": ["0-100", "100-200", "200-300", "300-400", "400-500", "500-600", "600-700", "700-800", "800-900","900+"],
	"weights": [0.0185, 0.1204, 0.2315, 0.2315, 0.1574, 0.0889, 0.063, 0.0481, 0.0408,0],
	"_comment": "Don't seem to have Mumbai data. This is from Bangkok. Need to add the source here."
    }
}
