id,age,hostel,mess,dept_id
0,25,83,88,3
1,25,87,93,3
2,27,84,93,4
3,26,81,91,2
4,21,86,88,2
5,26,86,94,4
6,25,82,91,3
7,19,85,91,4
8,29,87,94,3
9,29,81,88,4
10,24,83,88,4
11,30,83,88,5
12,22,87,90,4
13,21,87,91,3
14,30,84,92,5
15,30,81,94,1
16,28,82,91,1
17,22,81,94,3
18,22,84,91,1
19,23,87,94,2
20,26,85,88,3
21,22,86,91,2
22,20,87,94,4
23,27,86,94,2
24,26,86,91,1
25,21,87,88,3
26,22,81,93,2
27,22,86,93,4
28,18,81,91,2
29,29,86,91,2
30,30,83,90,3
31,25,81,91,0
32,20,83,92,2
33,21,84,94,4
34,26,85,88,3
35,25,87,94,4
36,19,86,94,2
37,29,84,94,2
38,19,86,89,4
39,30,82,91,3
40,18,86,91,5
41,19,86,93,0
42,21,87,89,0
43,28,83,93,2
44,27,87,90,2
45,26,82,92,3
46,24,87,93,2
47,25,86,93,2
48,24,86,92,3
49,23,83,93,3
50,20,87,94,5
51,26,85,91,4
52,24,85,94,4
53,20,86,93,3
54,25,82,90,3
55,24,86,94,5
56,19,83,91,1
57,30,81,94,3
58,27,87,89,4
59,28,84,93,2
60,30,81,94,2
61,24,86,93,3
62,26,81,94,3
63,19,84,92,0
64,28,83,91,5
65,22,86,94,0
66,21,84,93,4
67,30,87,92,5
68,28,87,90,2
69,29,86,91,1
70,27,85,93,2
71,19,81,94,2
72,25,83,93,1
73,19,81,91,3
74,29,85,94,2
75,26,81,91,4
76,19,86,90,4
77,23,81,92,3
78,22,87,91,4
79,23,86,94,4
80,27,86,94,5
81,22,87,94,4
82,24,81,91,4
83,20,86,93,2
84,28,87,93,1
85,20,82,89,4
86,29,87,93,0
87,29,85,94,3
88,30,87,91,5
89,29,83,93,5
90,20,87,93,3
91,26,83,88,2
92,30,84,94,0
93,25,85,89,4
94,21,87,90,2
95,26,84,88,5
96,25,87,94,2
97,23,84,93,2
98,20,82,88,2
99,23,83,91,4
100,26,87,91,2
101,21,84,91,1
102,20,86,88,1
103,29,87,93,4
104,25,87,91,3
105,24,82,90,4
106,22,87,90,2
107,18,82,92,0
108,21,83,94,3
109,30,81,91,4
110,29,84,94,1
111,27,83,88,2
112,27,86,94,2
113,25,86,89,2
114,22,85,92,4
115,20,85,91,0
116,28,87,94,2
117,20,87,94,1
118,26,82,94,4
119,22,84,92,2
120,22,84,94,2
121,29,86,90,2
122,23,84,94,0
123,29,86,88,4
124,30,81,91,3
125,28,82,89,5
126,26,81,94,3
127,28,81,90,5
128,30,86,90,4
129,26,86,94,3
130,19,81,91,2
131,29,81,93,2
132,29,87,93,3
133,27,87,90,0
134,24,83,94,3
135,19,82,94,4
136,20,85,94,2
137,23,83,88,4
138,19,87,90,2
139,27,86,92,4
140,24,86,90,3
141,30,84,93,3
142,30,87,94,0
143,28,82,94,5
144,27,82,92,4
145,30,87,94,4
146,25,84,93,4
147,21,84,90,2
148,23,87,91,2
149,19,86,89,1
150,30,84,94,3
151,20,81,91,0
152,22,86,91,4
153,19,86,93,4
154,19,84,93,2
155,26,83,92,3
156,29,82,92,3
157,27,84,90,4
158,29,84,93,4
159,19,86,92,0
160,26,83,89,3
161,22,87,93,1
162,20,84,94,5
163,26,87,88,4
164,30,87,88,5
165,21,86,93,3
166,20,85,93,1
167,18,87,91,4
168,24,87,89,4
169,21,82,91,4
170,26,84,91,1
171,27,86,92,2
172,24,84,92,4
173,25,87,94,2
174,19,85,91,4
175,21,87,90,4
176,27,87,89,3
177,20,82,91,4
178,29,86,90,5
179,29,82,93,4
180,28,82,93,0
181,28,82,91,4
182,18,87,88,3
183,24,86,93,3
184,23,83,90,0
185,30,85,88,5
186,28,82,94,2
187,23,82,94,4
188,19,86,91,4
189,19,84,90,5
190,24,83,91,2
191,26,84,89,0
192,29,87,91,5
193,25,87,94,3
194,21,84,93,3
195,28,84,90,4
196,18,83,93,3
197,20,83,93,1
198,29,83,93,2
199,18,85,94,4
200,27,84,88,1
201,23,84,91,4
202,24,86,91,3
203,21,83,92,5
204,30,84,93,3
205,26,86,90,1
206,29,84,93,2
207,22,86,88,2
208,30,86,90,0
209,24,87,93,5
210,20,81,88,4
211,19,85,91,2
212,30,84,91,0
213,21,84,93,3
214,26,86,94,3
215,21,87,88,2
216,29,82,92,4
217,19,86,92,2
218,22,85,90,4
219,29,82,93,4
220,27,85,93,5
221,19,84,94,5
222,20,84,90,1
223,26,86,94,0
224,28,83,91,5
225,27,83,90,1
226,24,84,93,2
227,21,87,93,4
228,18,87,94,4
229,26,85,88,3
230,26,87,92,0
231,22,83,93,3
232,24,85,92,2
233,21,85,91,3
234,30,87,91,1
235,19,84,94,3
236,29,86,91,2
237,24,81,91,4
238,22,84,94,4
239,27,84,93,2
240,22,82,93,3
241,27,81,89,4
242,29,87,94,4
243,27,86,94,4
244,23,84,91,4
245,21,86,88,5
246,25,87,92,5
247,26,86,88,3
248,22,83,94,4
249,29,86,94,3
250,19,81,94,3
251,27,83,94,4
252,27,83,91,3
253,28,84,93,0
254,25,86,92,4
255,28,87,93,5
256,29,81,94,5
257,18,87,89,4
258,18,87,91,0
259,19,87,92,3
260,23,81,91,4
261,23,81,93,4
262,25,86,91,1
263,30,87,91,4
264,30,87,93,2
265,21,87,92,0
266,27,84,94,4
267,23,85,94,2
268,22,86,91,2
269,28,85,93,2
270,20,85,94,0
271,28,82,94,3
272,26,84,91,4
273,20,81,94,4
274,25,84,93,3
275,18,81,91,3
276,30,86,88,1
277,25,85,89,3
278,21,83,90,4
279,22,83,93,2
280,19,83,94,4
281,30,83,91,4
282,18,86,94,4
283,24,82,94,1
284,19,82,88,3
285,23,87,92,4
286,26,87,88,5
287,20,87,92,4
288,30,87,88,5
289,20,82,90,2
290,28,82,90,2
291,24,84,94,1
292,27,83,93,4
293,20,81,90,3
294,27,81,93,0
295,22,84,91,2
296,25,86,92,2
297,24,83,90,1
298,21,85,94,4
299,20,87,92,5
300,19,82,92,3
301,20,86,91,2
302,23,87,88,2
303,21,86,88,3
304,30,83,93,1
305,18,87,88,2
306,30,86,92,2
307,30,82,93,4
308,23,82,93,4
309,24,87,93,1
310,24,82,91,0
311,25,86,93,4
312,29,81,94,5
313,24,83,90,2
314,29,87,88,3
315,28,86,91,5
316,29,87,90,4
317,22,81,94,4
318,25,84,91,3
319,30,86,92,2
320,30,86,90,1
321,24,85,89,5
322,19,84,91,4
323,25,81,88,0
324,26,87,88,5
325,19,84,92,4
326,18,86,91,4
327,25,84,94,2
328,27,82,91,2
329,29,84,90,3
330,19,84,88,2
331,21,86,92,4
332,28,82,90,3
333,23,81,94,4
334,23,84,94,4
335,19,84,91,2
336,27,86,92,4
337,23,84,90,2
338,19,87,89,1
339,23,83,92,4
340,30,81,94,2
341,21,85,88,5
342,27,84,93,3
343,22,87,88,0
344,18,81,94,3
345,26,84,91,4
346,30,85,94,3
347,27,84,92,3
348,30,87,90,3
349,27,81,93,4
350,24,85,91,2
351,27,83,94,2
352,23,84,93,1
353,25,86,89,4
354,23,86,93,3
355,26,85,94,1
356,27,86,94,1
357,23,87,93,4
358,27,84,93,4
359,28,81,90,4
360,29,87,91,2
361,19,87,92,3
362,29,86,91,1
363,30,86,93,0
364,22,86,89,3
365,21,85,92,4
366,18,84,92,4
367,25,84,94,1
368,20,85,92,0
369,26,85,93,2
370,27,87,89,3
371,24,81,93,4
372,18,83,93,2
373,20,85,94,3
374,24,87,91,2
375,19,84,94,4
376,21,87,89,3
377,28,81,92,2
378,22,83,94,3
379,25,83,93,4
380,26,85,91,3
381,18,81,92,5
382,21,84,93,5
383,25,87,93,3
384,26,85,93,3
385,22,87,94,0
386,23,83,91,3
387,20,86,88,4
388,30,84,93,4
389,19,87,90,4
390,18,84,90,4
391,27,87,91,4
392,23,86,94,2
393,23,84,91,3
394,29,83,92,4
395,26,87,91,4
396,23,82,93,2
397,24,87,94,0
398,18,87,88,2
399,23,82,92,4
400,19,81,90,2
401,25,87,94,5
402,27,87,91,0
403,26,82,91,0
404,20,86,91,3
405,18,83,89,4
406,22,81,91,3
407,29,82,91,0
408,23,84,92,3
409,29,84,89,2
410,23,82,93,3
411,27,85,94,4
412,19,83,88,3
413,18,81,94,5
414,25,81,93,4
415,30,84,91,2
416,19,85,92,3
417,20,87,93,1
418,20,84,94,2
419,18,86,94,3
420,18,85,90,4
421,27,84,90,4
422,21,84,89,4
423,27,85,91,4
424,29,87,94,5
425,28,84,93,3
426,19,87,94,5
427,19,87,93,2
428,22,87,94,4
429,20,85,91,4
430,22,83,90,4
431,23,87,93,4
432,27,86,88,3
433,24,87,89,4
434,19,83,94,5
435,23,83,93,3
436,30,83,91,3
437,18,86,93,3
438,20,87,89,0
439,29,87,94,5
440,28,84,94,3
441,28,81,90,5
442,24,82,92,3
443,30,87,93,1
444,24,81,88,1
445,19,81,90,4
446,25,82,89,2
447,18,82,88,4
448,23,86,93,1
449,28,84,88,3
450,29,86,88,1
451,24,87,94,3
452,29,86,89,4
453,21,82,92,3
454,30,85,92,1
455,22,82,91,4
456,19,81,91,2
457,28,85,94,4
458,23,83,92,3
459,23,85,89,3
460,20,83,94,0
461,27,83,92,4
462,21,87,89,3
463,22,86,91,4
464,20,85,90,2
465,21,84,92,2
466,26,87,91,2
467,20,87,91,3
468,26,82,91,3
469,24,82,93,4
470,28,87,91,1
471,30,87,92,3
472,27,87,91,5
473,29,83,90,3
474,20,84,93,4
475,21,82,88,4
476,18,81,93,4
477,30,86,89,1
478,18,85,88,1
479,18,84,91,3
480,21,86,94,3
481,22,81,93,0
482,26,81,94,2
483,19,83,91,3
484,27,86,94,3
485,25,84,93,1
486,25,83,94,3
487,25,83,92,0
488,30,86,94,5
489,26,87,88,4
490,23,81,92,3
491,23,86,88,4
492,26,86,93,4
493,24,81,94,0
494,20,82,88,4
495,28,85,88,5
496,22,87,89,0
497,21,84,93,5
498,27,87,93,3
499,18,86,92,5
500,24,86,94,4
501,27,84,91,5
502,23,81,89,1
503,30,84,89,2
504,24,81,93,1
505,24,83,88,2
506,18,86,93,0
507,18,87,92,2
508,18,83,93,2
509,18,85,94,2
510,27,85,94,3
511,22,86,93,1
512,30,86,94,4
513,21,82,94,3
514,20,84,94,1
515,23,87,91,4
516,23,81,89,2
517,27,84,94,5
518,20,86,94,2
519,24,82,90,2
520,25,87,92,4
521,28,85,94,0
522,29,86,93,4
523,24,82,93,5
524,21,85,91,4
525,26,87,88,1
526,23,84,94,5
527,25,84,92,1
528,21,87,92,3
529,20,87,94,0
530,22,86,92,2
531,25,85,92,5
532,20,86,93,1
533,20,84,88,4
534,21,83,89,2
535,22,86,91,1
536,22,82,94,4
537,29,85,88,4
538,22,87,88,4
539,21,86,94,3
540,29,84,94,3
541,29,86,93,4
542,27,87,92,2
543,27,87,93,4
544,20,82,90,4
545,26,84,88,2
546,21,84,91,4
547,21,87,94,4
548,28,86,93,2
549,23,81,88,4
550,27,82,93,3
551,30,86,89,2
552,19,86,94,3
553,27,84,94,0
554,25,85,94,3
555,28,87,91,3
556,27,85,92,1
557,26,83,94,3
558,25,83,90,4
559,30,87,93,4
560,18,84,93,2
561,21,86,93,1
562,22,87,90,5
563,22,86,94,3
564,28,87,93,2
565,23,85,91,1
566,23,87,94,4
567,25,85,90,2
568,27,83,94,4
569,25,86,92,2
570,25,82,93,2
571,20,86,93,3
572,18,84,92,0
573,21,84,91,3
574,19,84,93,3
575,25,87,93,3
576,22,84,93,2
577,25,84,90,3
578,29,86,91,2
579,19,87,91,5
580,27,85,92,4
581,21,83,91,0
582,23,87,93,5
583,20,83,91,4
584,28,87,88,3
585,21,81,88,1
586,18,84,88,2
587,27,84,90,4
588,22,86,92,4
589,26,87,94,1
590,27,81,88,1
591,29,87,91,5
592,25,84,93,4
593,29,83,93,5
594,28,86,91,1
595,23,87,92,2
596,24,87,94,3
597,28,83,92,3
598,18,87,94,3
599,19,85,92,2
600,19,84,94,5
601,26,86,91,2
602,29,82,90,2
603,29,81,91,3
604,22,86,92,4
605,20,82,90,2
606,20,86,91,2
607,28,81,94,1
608,22,84,89,2
609,28,85,92,1
610,25,84,90,0
611,23,83,88,5
612,30,82,94,4
613,21,86,93,5
614,20,85,94,4
615,22,86,91,5
616,22,86,92,2
617,28,86,92,2
618,23,84,93,4
619,25,84,91,5
620,30,84,92,0
621,27,87,94,2
622,24,83,92,0
623,20,87,91,0
624,22,83,89,3
625,29,83,89,1
626,22,82,92,1
627,23,83,91,4
628,27,82,89,2
629,22,86,94,1
630,26,82,93,3
631,18,84,90,5
632,18,82,93,5
633,18,83,91,3
634,29,86,89,5
635,21,83,88,2
636,27,86,89,4
637,25,86,90,4
638,26,82,88,3
639,20,85,89,4
640,30,86,94,2
641,18,84,94,2
642,24,84,93,4
643,22,86,90,2
644,28,84,88,0
645,22,82,89,1
646,24,84,93,4
647,20,84,93,3
648,22,84,91,2
649,20,84,94,2
650,22,84,88,5
651,18,86,93,4
652,23,86,89,2
653,24,86,93,2
654,21,87,88,5
655,21,85,91,2
656,24,85,90,5
657,28,84,91,4
658,29,81,91,4
659,21,86,91,0
660,23,86,88,2
661,20,87,93,0
662,26,86,89,3
663,30,85,92,2
664,24,84,92,4
665,23,87,91,2
666,26,87,91,3
667,18,82,92,4
668,23,83,91,1
669,30,81,91,2
670,21,87,90,3
671,23,83,93,5
672,18,86,89,4
673,21,82,93,4
674,27,86,92,4
675,23,87,93,0
676,30,84,90,4
677,27,83,93,3
678,29,86,91,3
679,19,86,91,2
680,19,84,90,3
681,29,84,94,3
682,24,84,89,0
683,22,86,93,1
684,19,84,93,3
685,28,85,94,3
686,23,81,93,1
687,27,83,88,2
688,30,82,88,2
689,28,85,91,3
690,30,86,92,2
691,18,83,88,4
692,25,81,93,2
693,22,87,90,0
694,28,87,93,2
695,28,84,94,3
696,19,87,91,2
697,20,81,93,4
698,21,86,91,4
699,29,84,92,4
700,30,86,94,4
701,21,85,91,4
702,19,87,91,3
703,21,86,89,4
704,22,87,91,4
705,29,85,88,0
706,18,87,88,5
707,21,83,89,1
708,19,83,91,5
709,19,84,90,5
710,28,83,93,0
711,23,86,93,4
712,30,85,91,3
713,28,83,89,1
714,28,87,91,2
715,29,87,91,3
716,24,87,90,3
717,23,85,90,3
718,19,86,91,0
719,20,86,91,2
720,20,82,94,5
721,18,87,91,5
722,24,87,91,4
723,19,85,92,4
724,18,84,94,4
725,21,83,90,2
726,19,84,93,1
727,24,86,91,3
728,24,87,93,4
729,20,85,93,1
730,27,84,88,0
731,24,82,93,1
732,25,87,89,2
733,22,86,94,2
734,19,83,94,2
735,24,87,91,0
736,20,81,89,2
737,30,83,93,3
738,19,87,91,4
739,22,83,94,1
740,28,83,94,3
741,20,86,89,4
742,30,85,90,4
743,21,84,94,5
744,28,87,94,4
745,22,86,93,3
746,25,84,90,2
747,29,87,91,1
748,29,86,88,0
749,24,87,93,1
750,29,87,91,3
751,21,86,91,3
752,22,86,90,4
753,20,84,88,2
754,30,86,93,0
755,29,84,90,2
756,23,87,92,2
757,20,84,93,4
758,28,87,88,0
759,19,86,94,4
760,24,84,93,0
761,28,85,88,3
762,29,86,94,4
763,27,86,92,3
764,25,87,89,3
765,20,87,93,4
766,30,81,88,2
767,20,82,94,3
768,20,82,93,0
769,18,86,94,4
770,30,84,94,5
771,28,84,88,1
772,22,84,90,2
773,19,83,90,4
774,18,86,92,4
775,22,85,91,3
776,23,87,91,3
777,21,85,90,4
778,27,87,94,0
779,21,83,91,3
780,18,85,93,2
781,20,86,94,5
782,29,82,88,3
783,29,82,94,2
784,30,82,93,2
785,27,87,91,5
786,18,84,90,1
787,29,86,91,5
788,29,85,91,4
789,29,85,94,3
790,26,83,90,5
791,18,87,94,5
792,22,85,90,4
793,19,87,89,2
794,18,84,89,2
795,28,83,88,4
796,18,86,89,5
797,26,86,93,0
798,18,84,93,3
799,21,87,90,2
800,22,85,88,3
801,21,87,91,3
802,24,84,88,4
803,28,86,91,5
804,22,84,91,4
805,18,85,91,5
806,22,87,92,4
807,29,84,94,3
808,24,85,92,1
809,21,82,91,2
810,21,83,94,3
811,24,87,93,2
812,26,81,94,1
813,20,87,91,4
814,28,87,91,4
815,20,83,94,4
816,23,85,94,1
817,22,82,90,2
818,20,87,88,5
819,20,82,94,4
820,21,87,91,4
821,29,86,91,1
822,24,83,92,2
823,20,87,91,2
824,18,83,94,0
825,30,82,94,3
826,26,87,93,3
827,21,85,90,3
828,27,81,94,3
829,20,83,91,3
830,18,84,91,5
831,18,82,88,4
832,25,84,91,4
833,19,86,91,0
834,29,87,93,5
835,25,86,93,2
836,28,84,93,4
837,18,84,89,4
838,18,86,92,2
839,28,84,92,2
840,30,82,94,4
841,23,83,94,4
842,21,83,94,0
843,22,85,92,1
844,30,84,89,3
845,29,85,88,4
846,23,87,91,4
847,22,86,91,3
848,26,87,89,2
849,19,87,89,2
850,20,87,93,4
851,25,87,88,3
852,24,84,91,2
853,30,87,89,2
854,27,86,94,2
855,27,84,94,1
856,23,81,89,2
857,18,86,92,3
858,20,83,93,0
859,23,86,89,1
860,22,85,94,5
861,28,85,88,5
862,24,86,88,2
863,30,86,89,2
864,25,87,93,2
865,19,83,91,5
866,30,81,92,2
867,19,82,89,2
868,20,85,94,4
869,21,87,94,4
870,23,86,88,2
871,22,84,89,4
872,24,85,93,1
873,24,82,93,3
874,26,81,94,3
875,18,86,94,5
876,27,87,94,1
877,24,84,93,2
878,21,83,92,1
879,26,86,91,2
880,29,84,91,3
881,22,84,93,4
882,20,82,91,2
883,27,82,89,4
884,28,85,89,4
885,21,87,92,4
886,21,81,89,4
887,27,84,89,1
888,18,85,90,4
889,19,84,93,3
890,30,83,94,4
891,25,86,93,3
892,29,84,94,2
893,27,84,88,2
894,23,85,89,1
895,22,87,89,0
896,26,84,90,2
897,26,82,91,0
898,25,84,88,2
899,30,83,93,4
900,20,84,92,3
901,28,81,88,4
902,28,86,88,0
903,20,87,94,2
904,23,82,94,4
905,29,83,89,3
906,20,85,92,3
907,21,86,93,1
908,20,86,88,1
909,21,87,92,3
910,26,82,94,1
911,27,87,91,2
912,27,84,91,3
913,25,82,91,4
914,27,87,94,2
915,29,85,93,3
916,30,84,91,1
917,19,87,93,4
918,25,87,94,3
919,28,86,91,5
920,22,83,94,3
921,26,84,94,4
922,24,86,91,2
923,22,83,89,4
924,27,87,93,2
925,27,87,94,5
926,30,87,91,0
927,30,85,94,3
928,23,81,89,4
929,19,87,91,1
930,27,82,93,3
931,22,84,94,0
932,24,86,94,5
933,28,84,92,4
934,19,87,94,4
935,27,84,93,4
936,22,85,91,4
937,25,87,88,2
938,25,85,94,4
939,26,86,89,4
940,21,84,89,0
941,27,85,94,3
942,28,85,88,1
943,30,82,94,5
944,18,87,89,3
945,29,85,89,4
946,30,83,88,4
947,21,84,94,2
948,29,84,94,4
949,18,87,92,4
950,22,84,94,4
951,27,85,92,4
952,21,82,93,3
953,25,81,91,3
954,19,83,94,4
955,24,86,91,3
956,23,81,89,4
957,21,85,93,2
958,21,87,90,4
959,30,86,92,4
960,23,87,88,5
961,21,87,90,2
962,26,82,91,0
963,29,84,94,4
964,30,86,93,4
965,18,86,93,1
966,29,86,93,4
967,26,86,91,4
968,26,82,92,4
969,21,81,94,5
970,30,87,89,3
971,24,81,94,4
972,20,85,94,4
973,20,84,94,4
974,28,84,91,2
975,18,87,92,0
976,24,83,90,4
977,28,87,93,4
978,28,87,88,4
979,29,84,88,4
980,22,87,93,4
981,29,85,93,1
982,25,81,94,2
983,22,86,93,0
984,18,86,88,5
985,29,82,90,0
986,29,83,92,0
987,18,86,93,4
988,20,86,94,0
989,26,86,94,4
990,28,84,90,2
991,19,84,94,3
992,26,86,94,2
993,24,86,91,5
994,22,82,91,2
995,24,85,91,1
996,27,84,93,4
997,30,87,93,1
998,25,85,92,2
999,23,85,91,4
1000,29,87,90,3
1001,18,83,88,1
1002,26,87,93,3
1003,25,84,89,2
1004,28,82,91,2
1005,26,87,88,4
1006,27,82,90,4
1007,22,87,90,3
1008,30,85,94,4
1009,21,82,91,4
1010,30,84,93,3
1011,19,87,94,1
1012,19,82,93,3
1013,27,87,92,4
1014,21,84,94,4
1015,20,81,93,2
1016,24,86,92,4
1017,25,86,91,2
1018,22,86,94,4
1019,30,87,94,2
1020,25,86,91,1
1021,26,85,91,0
1022,23,86,92,2
1023,21,85,88,1
1024,25,81,94,0
1025,27,84,88,1
1026,29,81,88,5
1027,21,86,89,2
1028,20,86,89,3
1029,20,84,93,4
1030,25,86,94,2
1031,23,86,93,4
1032,20,83,94,5
1033,27,82,92,3
1034,28,86,94,4
1035,28,86,93,4
1036,23,86,94,4
1037,27,81,93,2
1038,22,83,93,5
1039,25,84,90,4
1040,27,86,91,4
1041,19,87,89,4
1042,26,86,90,2
1043,19,86,94,5
1044,22,82,94,3
1045,24,82,91,2
1046,30,84,92,4
1047,29,87,88,2
1048,25,87,89,1
1049,23,86,91,3
1050,21,82,91,4
1051,18,87,91,2
1052,30,84,92,1
1053,23,81,90,1
1054,19,83,93,4
1055,29,87,91,2
1056,23,86,93,3
1057,25,86,92,0
1058,21,84,90,3
1059,21,84,94,2
1060,28,87,93,4
1061,19,84,89,3
1062,20,86,93,2
1063,25,87,92,4
1064,25,83,93,4
1065,28,81,94,2
1066,23,81,94,3
1067,19,87,88,3
1068,25,87,90,0
1069,23,85,94,2
1070,27,87,92,3
1071,25,82,93,0
1072,26,86,91,4
1073,22,81,94,3
1074,23,81,93,3
1075,19,81,94,3
1076,22,84,93,0
1077,27,84,91,4
1078,27,82,90,3
1079,29,84,90,3
1080,24,84,91,2
1081,23,87,93,4
1082,19,87,91,4
1083,22,87,89,2
1084,27,84,93,3
1085,30,81,89,2
1086,26,85,94,1
1087,30,87,92,4
1088,24,86,94,2
1089,29,87,88,2
1090,20,82,91,3
1091,23,84,94,1
1092,19,87,89,1
1093,25,86,89,5
1094,19,81,91,1
1095,29,83,91,4
1096,23,86,92,4
1097,25,81,91,2
1098,20,86,88,5
1099,28,87,89,4
1100,24,85,93,5
1101,30,87,93,2
1102,26,84,89,4
1103,26,81,88,3
1104,23,83,94,2
1105,24,84,88,0
1106,25,86,93,4
1107,25,86,91,4
1108,26,81,93,3
1109,24,85,92,2
1110,28,84,88,4
1111,23,84,91,5
1112,23,87,93,3
1113,22,84,93,3
1114,30,85,92,3
1115,22,85,93,3
1116,23,84,90,2
1117,19,86,94,4
1118,18,85,94,4
1119,30,82,93,2
1120,30,82,94,2
1121,26,87,89,4
1122,28,87,92,0
1123,25,87,89,4
1124,21,85,94,0
1125,29,84,91,0
1126,30,82,93,1
1127,21,87,91,5
1128,23,81,88,3
1129,20,84,91,3
1130,30,87,88,3
1131,21,87,93,1
1132,21,82,94,4
1133,30,87,93,3
1134,28,87,94,3
1135,21,85,93,4
1136,20,86,90,3
1137,18,85,90,3
1138,26,82,88,0
1139,20,87,94,5
1140,29,82,93,4
1141,23,86,90,3
1142,29,85,91,5
1143,20,86,91,4
1144,22,83,94,2
1145,22,82,90,3
1146,18,84,92,3
1147,21,83,93,4
1148,22,87,93,2
1149,28,86,94,3
1150,18,81,91,3
1151,21,83,92,2
1152,21,82,92,5
1153,29,87,90,3
1154,23,87,89,3
1155,29,84,89,4
1156,20,84,94,4
1157,26,87,89,4
1158,22,85,94,0
1159,18,81,93,2
1160,30,81,92,2
1161,30,81,88,2
1162,18,86,91,5
1163,28,84,93,3
1164,26,86,93,2
1165,24,81,90,1
1166,22,87,89,2
1167,29,81,94,3
1168,22,81,94,2
1169,23,82,89,2
1170,19,86,91,2
1171,18,84,90,1
1172,18,82,92,1
1173,29,81,92,2
1174,19,83,89,3
1175,28,85,94,0
1176,22,85,93,5
1177,28,87,91,2
1178,29,84,94,4
1179,18,82,91,5
1180,18,86,90,1
1181,29,86,91,4
1182,26,84,94,2
1183,24,85,89,0
1184,27,84,89,2
1185,23,81,93,3
1186,30,84,88,2
1187,30,87,94,4
1188,24,86,94,3
1189,23,86,91,4
1190,27,81,90,1
1191,27,87,94,4
1192,27,85,92,1
1193,30,84,90,5
1194,28,87,90,4
1195,24,84,93,5
1196,27,84,88,4
1197,26,83,94,1
1198,26,86,94,2
1199,21,85,93,5
1200,23,82,93,0
1201,30,86,93,4
1202,28,81,94,2
1203,27,86,92,2
1204,21,83,94,2
1205,30,85,89,5
1206,23,83,94,2
1207,28,84,90,4
1208,30,81,94,0
1209,22,82,93,5
1210,18,87,91,0
1211,25,81,94,4
1212,21,84,89,2
1213,24,87,93,4
1214,24,85,90,4
1215,21,85,89,5
1216,30,87,94,5
1217,28,82,93,4
1218,25,86,91,4
1219,27,81,93,1
1220,19,86,93,2
1221,27,82,94,3
1222,29,87,92,4
1223,19,81,93,1
1224,18,81,90,3
1225,29,84,88,4
1226,19,84,94,2
1227,21,87,93,4
1228,19,81,91,3
1229,29,87,94,4
1230,19,81,93,4
1231,23,83,89,2
1232,25,87,91,3
1233,18,86,93,3
1234,29,87,90,2
1235,29,85,93,4
1236,20,84,90,2
1237,27,86,88,3
1238,22,87,89,3
1239,27,86,92,3
1240,19,85,94,3
1241,29,87,90,2
1242,26,86,90,4
1243,21,82,94,4
1244,24,87,89,1
1245,30,82,92,2
1246,18,83,91,0
1247,25,84,89,4
1248,19,84,90,4
1249,23,84,93,2
1250,19,86,93,3
1251,27,87,89,4
1252,21,87,93,2
1253,27,86,91,2
1254,18,87,94,0
1255,27,82,92,5
1256,23,84,90,3
1257,26,84,94,2
1258,21,86,94,2
1259,28,81,94,3
1260,28,83,89,2
1261,28,86,88,4
1262,26,84,88,4
1263,30,82,93,0
1264,25,81,89,1
1265,27,84,88,4
1266,18,83,93,3
1267,19,82,90,2
1268,25,81,94,5
1269,23,84,90,1
1270,22,81,89,5
1271,27,87,93,3
1272,29,84,92,0
1273,22,87,88,2
1274,30,86,88,3
1275,23,84,93,4
1276,23,87,88,0
1277,26,85,93,3
1278,30,84,91,4
1279,24,81,90,4
1280,30,86,91,4
1281,30,87,89,1
1282,25,86,94,0
1283,18,86,92,1
1284,23,84,92,0
1285,20,82,93,1
1286,19,87,91,0
1287,18,85,89,2
1288,30,86,93,2
1289,19,85,91,2
1290,29,84,94,0
1291,24,82,94,3
1292,30,81,89,2
1293,20,83,93,3
1294,23,81,88,4
1295,23,86,93,3
1296,27,84,91,2
1297,25,86,90,4
1298,26,85,91,3
1299,24,84,89,3
1300,30,85,89,4
1301,30,82,90,2
1302,25,83,93,5
1303,20,85,90,1
1304,20,85,88,0
1305,19,85,92,5
1306,23,84,93,5
1307,26,81,94,4
1308,24,86,94,4
1309,25,87,94,4
1310,21,85,94,4
1311,24,87,88,2
1312,26,84,90,3
1313,18,83,94,0
1314,28,87,91,3
1315,21,85,93,1
1316,29,84,90,0
1317,26,83,90,2
1318,22,84,92,2
1319,22,86,93,5
1320,24,87,90,3
1321,18,84,91,3
1322,23,84,93,1
1323,19,84,88,0
1324,28,84,89,2
1325,23,82,94,1
1326,29,82,91,2
1327,23,87,91,5
1328,23,81,92,4
1329,18,84,91,2
1330,18,86,94,4
1331,25,84,90,4
1332,25,81,94,4
1333,20,84,94,4
1334,22,86,88,4
1335,23,86,92,2
1336,24,85,88,5
1337,25,82,91,4
1338,26,85,93,0
1339,29,81,94,3
1340,27,87,92,0
1341,19,82,90,2
1342,24,84,94,0
1343,30,84,90,3
1344,27,83,90,4
1345,19,84,91,5
1346,29,84,89,3
1347,23,83,93,1
1348,18,85,91,4
1349,24,87,92,4
1350,27,84,89,4
1351,22,85,94,4
1352,22,83,91,4
1353,27,86,91,4
1354,19,87,92,4
1355,27,87,91,0
1356,27,85,94,3
1357,26,82,89,5
1358,22,81,94,4
1359,29,84,92,3
1360,29,84,91,2
1361,29,87,91,0
1362,18,85,91,1
1363,29,87,93,4
1364,26,86,91,5
1365,18,83,88,4
1366,30,84,89,3
1367,30,87,91,3
1368,21,83,88,4
1369,22,82,90,4
1370,24,86,88,5
1371,18,84,93,2
1372,19,84,93,2
1373,29,87,93,4
1374,27,84,94,4
1375,20,87,89,2
1376,30,85,93,4
1377,19,86,92,2
1378,19,84,89,2
1379,22,87,89,3
1380,24,84,89,3
1381,28,82,88,4
1382,22,81,94,5
1383,28,87,94,3
1384,30,81,92,2
1385,28,85,92,5
1386,28,86,88,4
1387,25,85,90,3
1388,28,87,94,3
1389,28,81,94,3
1390,21,83,94,4
1391,21,81,90,1
1392,23,83,91,1
1393,23,85,88,4
1394,21,86,93,3
1395,29,84,93,2
1396,23,86,88,4
1397,23,87,93,2
1398,20,83,89,4
1399,30,86,88,3
1400,29,81,91,0
1401,23,86,94,4
1402,30,84,93,4
1403,24,87,93,5
1404,23,83,90,0
1405,22,87,91,5
1406,25,86,90,4
1407,20,86,91,3
1408,19,87,94,0
1409,21,81,91,2
1410,30,87,92,1
1411,18,84,93,2
1412,23,86,88,3
1413,24,86,94,2
1414,20,85,94,3
1415,30,82,94,5
1416,29,83,88,4
1417,21,86,91,0
1418,26,86,93,2
1419,22,84,92,1
1420,30,86,91,2
1421,29,84,92,4
1422,28,86,91,3
1423,23,87,91,2
1424,21,86,89,3
1425,18,83,89,4
1426,24,82,94,2
1427,20,85,92,2
1428,30,84,93,4
1429,24,82,90,4
1430,30,84,94,4
1431,29,86,91,2
1432,25,85,89,4
1433,25,83,93,2
1434,19,87,94,3
1435,24,83,93,2
1436,21,82,89,2
1437,22,81,92,4
1438,21,84,93,3
1439,23,87,93,2
1440,22,87,91,4
1441,18,82,94,5
1442,30,82,91,2
1443,27,84,91,2
1444,24,87,90,0
1445,20,86,94,4
1446,26,81,88,0
1447,18,87,90,5
1448,29,84,90,2
1449,23,81,89,4
1450,22,84,93,5
1451,20,87,93,0
1452,25,84,88,5
1453,18,87,94,1
1454,18,81,94,2
1455,23,83,90,5
1456,22,86,94,3
1457,26,82,91,4
1458,29,87,91,2
1459,26,87,89,0
1460,21,86,91,4
1461,26,87,93,1
1462,24,87,88,3
1463,28,85,93,4
1464,26,82,94,2
1465,26,84,89,4
1466,21,86,92,3
1467,24,82,92,1
1468,28,81,93,2
1469,26,86,90,2
1470,20,84,93,4
1471,25,86,91,3
1472,30,87,92,3
1473,26,82,89,0
1474,29,85,94,3
1475,27,83,92,3
1476,29,82,91,2
1477,30,81,88,5
1478,25,81,91,3
1479,30,86,89,3
1480,18,86,91,4
1481,20,84,93,4
1482,22,83,94,5
1483,29,82,93,4
1484,20,85,91,1
1485,26,87,91,3
1486,29,87,88,2
1487,27,82,94,1
1488,23,83,92,4
1489,20,83,90,5
1490,29,82,91,5
1491,20,86,91,1
1492,26,85,89,4
1493,29,87,89,1
1494,24,86,90,2
1495,30,82,93,3
1496,24,84,91,4
1497,19,86,90,4
1498,18,87,88,2
1499,19,81,93,3
1500,20,81,88,0
1501,25,86,90,4
1502,29,87,89,3
1503,30,86,91,3
1504,21,86,94,2
1505,23,85,94,0
1506,27,81,94,4
1507,26,85,93,3
1508,30,81,91,3
1509,24,86,93,1
1510,29,83,94,2
1511,27,86,90,2
1512,27,84,93,3
1513,21,86,94,2
1514,22,87,88,5
1515,30,87,92,2
1516,25,85,92,3
1517,24,82,90,2
1518,21,87,94,3
1519,20,85,89,2
1520,22,83,90,0
1521,27,84,93,3
1522,24,87,94,0
1523,22,86,88,5
1524,26,85,90,0
1525,27,84,94,4
1526,20,86,91,3
1527,18,81,93,5
1528,28,84,91,4
1529,25,87,92,0
1530,18,81,88,4
1531,22,83,93,0
1532,19,82,90,3
1533,27,84,90,5
1534,28,87,92,4
1535,23,87,88,4
1536,19,87,94,3
1537,19,87,93,2
1538,23,86,94,0
1539,30,85,91,1
1540,19,82,89,2
1541,18,87,90,4
1542,21,83,91,2
1543,25,86,89,1
1544,28,84,93,3
1545,28,83,88,2
1546,26,86,88,0
1547,19,87,94,4
1548,25,83,90,3
1549,18,81,92,4
1550,22,86,89,4
1551,26,84,89,0
1552,21,87,91,4
1553,28,86,92,2
1554,24,82,94,3
1555,30,86,93,0
1556,25,87,94,2
1557,20,85,93,4
1558,23,81,94,4
1559,29,86,93,1
1560,20,86,93,4
1561,25,87,93,0
1562,22,84,91,0
1563,29,86,93,4
1564,29,83,94,1
1565,29,84,91,3
1566,25,82,94,2
1567,28,87,92,4
1568,26,84,91,5
1569,25,87,91,4
1570,29,81,91,0
1571,22,84,94,4
1572,24,84,88,4
1573,20,87,93,0
1574,27,84,93,2
1575,30,81,94,3
1576,20,85,93,3
1577,27,87,90,4
1578,21,81,94,4
1579,27,87,93,0
1580,30,84,94,4
1581,23,83,94,4
1582,23,83,88,2
1583,22,83,93,0
1584,25,82,91,4
1585,27,87,94,3
1586,23,83,94,4
1587,28,84,90,3
1588,30,81,94,3
1589,25,86,92,4
1590,23,87,91,2
1591,22,82,94,5
1592,29,85,93,0
1593,20,85,94,2
1594,28,84,88,5
1595,23,84,90,4
1596,20,87,93,4
1597,27,84,93,5
1598,28,85,91,2
1599,22,82,94,2
1600,27,85,90,4
1601,30,85,92,3
1602,20,84,89,4
1603,20,86,93,4
1604,19,85,92,3
1605,24,81,94,3
1606,22,83,91,0
1607,19,84,90,3
1608,23,87,94,4
1609,30,87,94,2
1610,24,81,89,5
1611,19,87,92,4
1612,24,86,93,1
1613,20,84,92,3
1614,26,84,94,1
1615,20,87,94,2
1616,18,86,88,0
1617,19,84,91,1
1618,23,86,90,4
1619,20,84,93,3
1620,23,84,88,1
1621,25,81,92,3
1622,27,83,90,4
1623,28,84,91,1
1624,20,86,92,2
1625,24,82,94,3
1626,29,87,89,5
1627,28,84,91,5
1628,27,85,91,2
1629,23,82,89,1
1630,27,86,90,2
1631,18,85,93,5
1632,22,87,91,4
1633,20,82,88,4
1634,22,85,93,4
1635,19,85,91,5
1636,28,86,88,3
1637,18,83,93,2
1638,30,82,93,3
1639,24,85,94,3
1640,23,84,90,4
1641,29,81,91,0
1642,29,83,94,4
1643,19,84,92,5
1644,23,82,94,3
1645,30,87,94,1
1646,22,85,90,4
1647,24,84,91,3
1648,29,86,88,4
1649,24,83,94,4
1650,23,84,91,5
1651,18,86,94,3
1652,18,83,88,4
1653,28,86,93,1
1654,28,86,93,4
1655,18,81,92,3
1656,26,85,88,3
1657,20,86,88,3
1658,22,85,91,2
1659,20,83,90,3
1660,24,86,92,3
1661,23,84,93,3
1662,30,84,94,3
1663,24,85,91,0
1664,23,83,89,4
1665,28,84,94,0
1666,23,84,94,3
1667,27,81,94,2
1668,26,81,91,2
1669,20,86,91,3
1670,26,86,94,0
1671,24,84,94,5
1672,28,83,94,3
1673,29,86,91,4
1674,24,83,88,3
1675,22,87,88,2
1676,19,84,89,2
1677,19,87,90,5
1678,27,85,91,3
1679,27,81,93,4
1680,27,86,91,1
1681,24,87,94,2
1682,30,84,91,2
1683,24,85,91,0
1684,21,87,90,4
1685,26,86,92,4
1686,23,86,91,3
1687,18,84,88,0
1688,21,87,89,4
1689,18,83,88,0
1690,27,86,93,4
1691,19,81,91,0
1692,22,87,90,4
1693,26,84,90,5
1694,18,87,90,2
1695,25,87,91,3
1696,20,86,91,2
1697,26,87,93,4
1698,21,86,94,4
1699,19,86,91,3
1700,25,85,94,5
1701,25,86,88,2
1702,28,86,94,3
1703,26,86,94,3
1704,25,84,89,4
1705,25,84,91,4
1706,25,81,93,0
1707,24,86,88,3
1708,25,86,91,5
1709,25,84,90,3
1710,21,84,94,1
1711,18,81,88,0
1712,23,87,90,4
1713,29,85,93,2
1714,24,81,94,2
1715,22,81,88,2
1716,18,87,92,4
1717,20,85,94,3
1718,20,87,91,2
1719,22,83,93,1
1720,27,84,90,2
1721,25,85,94,2
1722,20,87,88,4
1723,29,85,93,2
1724,26,85,93,2
1725,21,83,93,4
1726,29,84,88,4
1727,28,86,89,1
1728,21,84,92,3
1729,29,87,94,2
1730,28,87,93,5
1731,22,87,94,3
1732,27,84,91,0
1733,26,86,94,2
1734,22,84,91,0
1735,24,82,94,2
1736,29,81,89,5
1737,28,86,93,4
1738,28,87,91,0
1739,19,83,94,2
1740,30,86,94,3
1741,24,87,92,4
1742,22,84,94,4
1743,26,87,94,3
1744,28,82,89,1
1745,27,84,94,3
1746,26,87,92,3
1747,20,87,94,3
1748,22,86,93,0
1749,25,81,93,4
1750,25,87,91,2
1751,19,84,94,1
1752,19,86,94,3
1753,20,82,90,5
1754,26,81,94,2
1755,22,86,91,3
1756,18,86,92,1
1757,18,85,90,4
1758,27,83,89,5
1759,23,85,94,2
1760,24,81,91,3
1761,27,81,94,3
1762,29,81,92,5
1763,30,83,93,4
1764,22,87,93,2
1765,24,86,88,4
1766,27,87,91,3
1767,21,86,92,2
1768,25,86,88,3
1769,20,85,91,0
1770,22,87,91,3
1771,24,84,91,4
1772,21,84,90,5
1773,23,87,89,3
1774,26,86,93,1
1775,23,84,88,3
1776,26,81,89,2
1777,23,83,93,4
1778,27,86,94,3
1779,28,84,90,2
1780,27,86,89,1
1781,26,84,88,3
1782,27,84,94,5
1783,30,86,94,5
1784,18,85,93,1
1785,30,86,91,4
1786,25,87,93,0
1787,25,84,92,3
1788,18,83,90,4
1789,20,86,91,2
1790,26,84,90,4
1791,19,85,89,2
1792,27,82,88,4
1793,26,86,90,0
1794,25,81,93,4
1795,27,86,92,4
1796,26,83,91,0
1797,23,84,91,2
1798,21,87,89,1
1799,21,87,91,4
1800,29,86,91,4
1801,27,82,88,4
1802,27,87,94,4
1803,21,87,91,1
1804,25,87,94,0
1805,22,83,91,4
1806,28,85,94,4
1807,27,86,89,1
1808,25,86,88,2
1809,28,86,89,1
1810,24,83,94,4
1811,21,82,94,1
1812,28,87,91,4
1813,20,87,92,3
1814,23,83,91,4
1815,23,84,93,4
1816,23,87,93,1
1817,20,86,94,4
1818,19,86,90,0
1819,21,87,91,4
1820,24,87,90,2
1821,24,86,93,4
1822,25,83,94,2
1823,28,84,90,4
1824,23,83,94,5
1825,26,83,89,3
1826,19,81,94,4
1827,24,84,92,3
1828,26,85,93,3
1829,19,87,92,0
1830,24,86,88,0
1831,22,84,91,2
1832,21,87,94,2
1833,19,82,91,5
1834,24,82,93,3
1835,20,87,94,2
1836,24,83,93,2
1837,23,85,88,3
1838,21,87,94,2
1839,30,84,88,0
1840,21,86,91,3
1841,25,86,93,4
1842,23,86,93,4
1843,19,84,91,1
1844,20,81,91,4
1845,28,84,91,4
1846,29,84,88,1
1847,26,86,93,3
1848,20,84,93,2
1849,29,85,93,4
1850,22,84,91,2
1851,23,85,92,3
1852,26,87,94,2
1853,24,81,94,4
1854,25,86,88,2
1855,27,86,92,2
1856,30,85,92,2
1857,29,87,88,4
1858,24,85,94,3
1859,20,87,94,3
1860,21,84,93,2
1861,22,86,94,4
1862,24,83,91,1
1863,18,86,89,4
1864,24,83,93,3
1865,22,84,88,4
1866,25,85,88,3
1867,25,85,92,1
1868,27,84,94,4
1869,23,82,94,2
1870,22,83,91,5
1871,25,85,94,4
1872,28,83,92,3
1873,20,87,88,3
1874,18,87,89,0
1875,21,87,88,2
1876,22,84,91,4
1877,27,84,92,4
1878,30,84,93,2
1879,26,82,91,3
1880,19,82,88,2
1881,27,82,93,4
1882,19,81,92,0
1883,25,85,93,4
1884,19,87,93,0
1885,29,86,93,3
1886,21,86,94,3
1887,24,85,93,4
1888,30,84,91,2
1889,24,82,88,5
1890,27,84,90,0
1891,21,85,94,4
1892,28,85,94,4
1893,29,87,91,3
1894,23,83,91,4
1895,29,82,91,3
1896,20,83,93,2
1897,21,84,94,1
1898,25,84,93,5
1899,22,85,93,3
1900,28,82,91,3
1901,27,82,88,3
1902,18,85,88,4
1903,22,86,93,3
1904,21,84,88,5
1905,27,86,91,3
1906,26,84,94,2
1907,20,81,88,5
1908,19,87,89,2
1909,22,81,92,0
1910,30,85,91,3
1911,21,82,90,5
1912,28,84,90,4
1913,18,85,89,4
1914,22,82,90,4
1915,23,86,92,3
1916,18,82,93,4
1917,27,87,92,3
1918,30,83,91,4
1919,22,84,90,3
1920,18,84,94,3
1921,25,86,91,2
1922,30,84,93,4
1923,29,81,88,2
1924,19,84,91,1
1925,29,87,94,2
1926,27,86,88,1
1927,22,85,94,4
1928,22,82,91,4
1929,21,86,91,0
1930,25,86,88,3
1931,29,87,93,2
1932,19,86,92,3
1933,19,87,92,0
1934,25,82,89,4
1935,18,87,94,4
1936,21,84,91,3
1937,24,82,92,4
1938,23,87,93,2
1939,28,86,94,4
1940,25,83,89,3
1941,26,83,94,4
1942,18,81,92,2
1943,25,86,93,4
1944,22,87,88,4
1945,24,84,94,5
1946,29,85,89,1
1947,21,84,88,4
1948,20,81,90,5
1949,18,84,94,4
1950,19,82,92,3
1951,29,84,88,5
1952,24,84,92,3
1953,30,86,91,3
1954,25,84,92,4
1955,22,87,90,4
1956,25,86,90,3
1957,20,85,90,3
1958,30,82,93,1
1959,30,82,89,5
1960,19,87,93,2
1961,24,85,89,4
1962,30,82,93,1
1963,25,87,88,2
1964,22,86,93,3
1965,26,84,94,3
1966,20,87,93,0
1967,23,82,94,3
1968,20,85,91,3
1969,22,83,91,4
1970,26,87,89,3
1971,30,86,92,1
1972,18,86,93,5
1973,27,81,88,2
1974,24,86,92,4
1975,26,87,91,3
1976,20,86,91,4
1977,28,87,94,5
1978,28,82,92,3
1979,25,86,89,3
1980,30,84,90,2
1981,22,82,92,4
1982,23,84,93,2
1983,21,86,90,2
1984,25,84,94,1
1985,27,83,92,4
1986,21,81,94,5
1987,22,82,91,2
1988,28,86,93,3
1989,25,85,91,2
1990,22,85,93,2
1991,24,86,88,4
1992,21,86,93,4
1993,26,87,92,3
1994,20,86,91,1
1995,19,82,91,0
1996,20,85,91,4
1997,29,87,89,2
1998,25,87,92,2
1999,26,86,92,4
2000,30,84,91,0
2001,21,86,92,0
2002,25,84,91,4
2003,22,86,93,4
2004,29,82,93,3
2005,30,87,91,5
2006,30,83,91,2
2007,20,84,91,0
2008,22,83,91,1
2009,26,84,94,4
2010,21,84,89,2
2011,28,81,91,3
2012,29,85,93,4
2013,22,84,91,4
2014,22,86,94,4
2015,30,82,93,3
2016,19,82,88,4
2017,28,84,92,3
2018,20,84,94,0
2019,20,86,92,3
2020,19,83,91,2
2021,30,84,89,0
2022,23,87,91,2
2023,28,87,88,2
2024,21,87,93,5
2025,23,82,92,0
2026,29,86,91,4
2027,18,86,91,2
2028,18,85,89,3
2029,28,86,89,0
2030,27,86,94,5
2031,29,87,88,3
2032,29,83,94,2
2033,27,81,93,4
2034,20,84,94,3
2035,25,84,94,1
2036,20,85,89,0
2037,21,87,88,3
2038,29,85,88,4
2039,19,84,91,4
2040,30,86,93,3
2041,20,83,92,4
2042,29,86,93,4
2043,19,85,89,5
2044,19,85,94,2
2045,29,86,94,2
2046,29,87,93,4
2047,30,87,88,1
2048,24,86,93,1
2049,20,83,93,1
2050,19,81,94,3
2051,23,86,91,3
2052,21,85,93,2
2053,21,86,93,4
2054,27,86,88,0
2055,21,84,90,4
2056,30,86,92,4
2057,25,84,93,5
2058,23,82,91,3
2059,22,86,91,3
2060,18,86,90,0
2061,28,83,89,4
2062,24,82,90,2
2063,22,85,91,4
2064,28,81,90,3
2065,30,83,91,3
2066,24,84,94,2
2067,18,87,93,4
2068,20,84,88,4
2069,30,86,90,0
2070,26,86,93,5
2071,25,86,90,0
2072,27,86,91,1
2073,30,87,89,3
2074,22,84,91,1
2075,20,84,91,4
2076,19,87,89,4
2077,18,84,89,2
2078,19,84,94,1
2079,30,84,93,4
2080,24,84,93,0
2081,30,81,90,4
2082,21,83,91,3
2083,28,87,90,3
2084,22,82,88,3
2085,25,81,92,0
2086,29,86,89,4
2087,30,87,91,3
2088,27,81,88,3
2089,29,83,89,0
2090,28,86,90,4
2091,20,83,88,3
2092,24,83,94,5
2093,27,84,93,4
2094,30,84,89,5
2095,20,81,93,5
2096,24,87,90,3
2097,25,87,91,0
2098,30,87,94,2
2099,22,83,94,2
2100,23,86,94,1
2101,19,85,92,2
2102,30,86,88,3
2103,30,81,93,3
2104,29,87,92,2
2105,18,86,94,2
2106,29,86,91,4
2107,26,84,93,2
2108,27,85,88,0
2109,23,86,88,1
2110,27,84,94,4
2111,23,84,89,2
2112,26,82,93,3
2113,28,87,90,2
2114,25,86,90,4
2115,23,86,91,1
2116,21,81,93,4
2117,26,83,94,0
2118,27,84,94,2
2119,27,85,93,0
2120,28,86,93,5
2121,27,84,89,5
2122,22,84,93,1
2123,25,86,92,4
2124,25,86,90,4
2125,28,84,89,1
2126,20,82,93,3
2127,20,86,90,3
2128,27,85,88,4
2129,24,81,94,3
2130,23,86,91,4
2131,29,85,93,4
2132,21,81,88,0
2133,26,85,94,2
2134,30,85,94,2
2135,23,86,93,2
2136,30,87,91,3
2137,28,85,92,5
2138,26,84,93,4
2139,21,82,94,3
2140,27,86,88,2
2141,24,84,91,4
2142,21,85,91,1
2143,19,84,93,2
2144,21,87,90,1
2145,23,85,94,2
2146,24,87,92,5
2147,25,86,93,1
2148,18,87,89,4
2149,21,86,92,3
2150,29,81,93,4
2151,18,83,93,0
2152,23,84,88,0
2153,19,87,93,4
2154,18,87,90,4
2155,21,87,94,4
2156,19,84,89,4
2157,24,81,94,2
2158,21,87,91,3
2159,28,83,94,4
2160,22,83,93,3
2161,22,82,92,2
2162,20,83,91,3
2163,25,87,92,3
2164,25,87,91,5
2165,26,82,91,0
2166,26,87,91,4
2167,18,81,93,4
2168,27,84,90,2
2169,22,87,91,5
2170,21,84,93,4
2171,30,82,92,4
2172,26,85,94,3
2173,29,86,94,2
2174,23,84,94,0
2175,24,86,94,0
2176,24,81,88,3
2177,30,83,89,3
2178,19,87,89,1
2179,21,86,93,3
2180,27,82,93,4
2181,28,87,92,5
2182,27,87,91,4
2183,29,85,89,5
2184,29,84,94,0
2185,23,81,94,3
2186,30,85,94,2
2187,22,85,88,3
2188,28,82,91,4
2189,18,87,90,0
2190,28,84,91,0
2191,25,81,92,2
2192,27,87,93,3
2193,21,85,88,5
2194,18,86,89,4
2195,21,87,89,4
2196,24,83,92,3
2197,28,87,89,5
2198,27,86,92,5
2199,26,87,93,3
2200,18,86,93,4
2201,25,81,94,4
2202,19,83,94,0
2203,20,85,88,0
2204,21,83,91,4
2205,27,87,89,2
2206,18,87,92,0
2207,25,84,91,3
2208,18,87,91,2
2209,20,85,94,2
2210,28,81,91,3
2211,22,86,94,3
2212,18,82,91,4
2213,27,87,91,4
2214,20,84,90,3
2215,26,82,91,4
2216,20,81,90,1
2217,22,82,94,5
2218,29,81,90,4
2219,30,83,90,4
2220,21,84,91,2
2221,26,86,90,5
2222,28,83,93,2
2223,22,82,93,1
2224,27,86,92,1
2225,28,84,88,2
2226,24,86,94,4
2227,28,84,94,3
2228,30,82,93,4
2229,21,82,89,4
2230,24,87,89,4
2231,18,84,94,3
2232,21,86,91,3
2233,27,82,92,4
2234,29,83,91,3
2235,19,87,93,4
2236,24,84,89,1
2237,28,87,91,3
2238,24,86,89,4
2239,26,87,89,3
2240,29,86,88,3
2241,29,86,91,5
2242,23,85,93,0
2243,26,86,94,4
2244,19,87,90,0
2245,22,84,91,2
2246,24,84,92,2
2247,26,87,91,3
2248,28,84,91,4
2249,22,81,91,4
2250,24,84,89,3
2251,26,87,89,4
2252,21,81,93,5
2253,20,81,92,3
2254,26,86,88,1
2255,26,87,91,5
2256,26,84,91,3
2257,27,87,90,4
2258,23,87,91,5
2259,19,81,94,3
2260,28,85,88,3
2261,19,84,92,4
2262,28,86,93,2
2263,29,82,94,2
2264,25,84,94,0
2265,22,84,91,2
2266,22,82,91,3
2267,21,85,91,4
2268,25,85,92,4
2269,19,87,93,5
2270,24,81,93,0
2271,28,82,89,5
2272,19,84,94,3
2273,26,86,93,5
2274,27,84,91,4
2275,26,87,91,3
2276,30,84,94,1
2277,18,86,94,2
2278,18,86,94,1
2279,18,82,88,2
2280,26,86,88,4
2281,25,83,93,4
2282,29,85,93,1
2283,27,87,93,4
2284,24,87,91,3
2285,24,86,92,5
2286,27,81,88,4
2287,22,84,90,4
2288,29,81,94,3
2289,18,87,94,4
2290,27,84,92,3
2291,29,85,89,2
2292,27,81,89,4
2293,28,81,92,4
2294,18,82,91,5
2295,20,83,90,4
2296,26,83,88,2
2297,30,84,89,0
2298,29,84,92,3
2299,18,86,94,1
2300,23,81,92,5
2301,20,86,90,4
2302,23,83,88,3
2303,23,84,91,2
2304,21,86,91,2
2305,24,87,94,4
2306,30,82,91,5
2307,18,84,90,4
2308,22,86,88,2
2309,24,85,94,3
2310,30,85,91,2
2311,20,83,92,2
2312,21,86,94,3
2313,26,86,91,2
2314,24,81,91,0
2315,24,87,88,0
2316,27,85,90,2
2317,22,81,89,0
2318,30,87,93,2
2319,26,84,92,3
2320,19,86,93,4
2321,25,86,89,3
2322,24,84,94,2
2323,19,82,93,4
2324,30,84,94,1
2325,26,87,94,3
2326,27,82,91,2
2327,19,84,92,2
2328,21,87,93,4
2329,29,86,91,1
2330,22,82,92,4
2331,19,84,93,4
2332,27,82,91,1
2333,23,86,89,4
2334,28,86,88,3
2335,22,87,88,3
2336,28,83,92,3
2337,21,87,90,0
2338,24,84,92,3
2339,25,86,93,1
2340,27,84,91,2
2341,22,84,94,1
2342,27,83,92,1
2343,30,82,91,4
2344,25,83,89,0
2345,25,84,93,0
2346,27,86,88,2
2347,23,86,91,5
2348,25,84,91,0
2349,24,84,93,4
2350,29,85,89,0
2351,26,82,94,4
2352,19,85,94,2
2353,25,82,88,3
2354,24,86,94,5
2355,28,81,91,4
2356,27,85,91,4
2357,22,86,93,2
2358,20,86,94,0
2359,28,85,89,3
2360,22,85,88,1
2361,21,86,94,1
2362,18,87,90,5
2363,21,84,93,4
2364,30,83,93,3
2365,30,84,90,2
2366,30,86,94,1
2367,27,87,89,3
2368,19,83,94,4
2369,24,83,91,2
2370,18,83,90,4
2371,18,81,91,4
2372,21,86,94,4
2373,24,83,91,5
2374,30,86,93,2
2375,27,84,92,2
2376,25,82,89,0
2377,23,86,88,2
2378,29,84,93,4
2379,18,84,92,1
2380,18,87,90,1
2381,30,84,91,2
2382,21,84,91,2
2383,22,87,91,4
2384,21,87,94,5
2385,18,87,94,0
2386,30,86,88,1
2387,28,85,94,1
2388,19,86,94,0
2389,28,83,94,0
2390,24,87,91,3
2391,24,87,90,5
2392,29,84,88,3
2393,29,86,93,2
2394,19,87,94,3
2395,28,84,88,0
2396,24,86,91,4
2397,19,81,88,5
2398,26,87,93,2
2399,20,86,91,4
2400,27,87,88,2
2401,27,85,88,3
2402,29,81,93,4
2403,27,86,91,3
2404,20,83,91,2
2405,28,83,94,2
2406,29,87,89,2
2407,20,84,91,3
2408,19,81,93,3
2409,19,86,93,3
2410,22,87,93,3
2411,21,84,92,2
2412,19,87,94,3
2413,30,86,92,1
2414,22,84,90,4
2415,19,86,94,4
2416,19,83,92,2
2417,18,82,91,1
2418,23,83,89,3
2419,25,81,92,4
2420,22,81,94,3
2421,29,87,88,3
2422,24,81,90,4
2423,20,84,90,0
2424,24,87,94,2
2425,20,82,93,4
2426,22,83,94,4
2427,25,83,93,4
2428,29,81,88,4
2429,18,84,89,4
2430,22,87,89,0
2431,18,84,90,4
2432,26,86,90,4
2433,21,84,93,0
2434,25,87,92,4
2435,28,82,94,2
2436,29,84,91,3
2437,30,85,93,3
2438,27,82,93,4
2439,22,83,89,2
2440,30,82,92,3
2441,26,86,89,3
2442,20,85,94,2
2443,27,86,88,4
2444,30,84,94,5
2445,22,81,93,0
2446,25,83,94,3
2447,20,84,89,4
2448,23,84,93,4
2449,26,84,93,4
2450,24,87,94,4
2451,22,84,93,0
2452,20,84,91,5
2453,21,87,88,3
2454,30,86,88,2
2455,29,85,88,4
2456,22,84,94,4
2457,30,82,91,4
2458,24,84,94,5
2459,26,86,88,4
2460,29,84,89,4
2461,20,87,94,3
2462,29,85,90,2
2463,23,84,92,4
2464,22,84,93,1
2465,21,84,92,4
2466,30,84,91,2
2467,25,81,94,0
2468,21,81,91,2
2469,21,81,90,1
2470,24,81,93,2
2471,23,87,89,1
2472,30,86,93,3
2473,22,82,89,1
2474,28,87,91,4
2475,18,87,91,3
2476,22,84,92,2
2477,22,85,92,2
2478,30,87,91,4
2479,22,87,94,4
2480,18,82,93,0
2481,30,83,89,0
2482,30,87,94,4
2483,28,83,94,2
2484,18,87,92,1
2485,24,86,89,3
2486,22,84,88,4
2487,19,87,92,2
2488,22,86,91,2
2489,24,86,89,3
2490,29,82,93,2
2491,22,85,88,4
2492,29,84,94,2
2493,20,86,94,2
2494,30,82,88,3
2495,21,87,93,0
2496,28,82,89,1
2497,30,82,92,3
2498,26,82,91,3
2499,21,85,90,5
2500,25,86,93,3
2501,23,86,94,1
2502,18,81,94,0
2503,19,84,94,5
2504,21,84,90,3
2505,20,86,90,2
2506,22,84,90,4
2507,30,85,90,2
2508,29,82,91,4
2509,24,84,93,3
2510,24,82,93,2
2511,20,84,93,3
2512,25,87,91,4
2513,21,87,93,5
2514,29,82,94,0
2515,18,83,94,3
2516,29,84,93,3
2517,25,84,93,2
2518,27,84,92,3
2519,20,86,91,4
2520,23,84,94,0
2521,25,86,92,2
2522,29,83,88,3
2523,27,82,91,3
2524,28,83,92,4
2525,20,86,94,4
2526,20,82,93,3
2527,22,87,94,0
2528,29,87,90,3
2529,30,82,94,0
2530,29,86,89,4
2531,21,86,94,3
2532,25,84,90,4
2533,23,82,90,2
2534,19,87,90,2
2535,27,86,94,1
2536,18,87,92,1
2537,21,84,90,4
2538,28,86,93,4
2539,21,84,89,0
2540,24,81,92,5
2541,18,84,91,4
2542,30,84,94,5
2543,30,84,94,4
2544,22,82,93,1
2545,19,84,91,4
2546,25,84,91,4
2547,25,84,88,4
2548,21,85,88,3
2549,28,87,93,3
2550,29,86,89,4
2551,21,85,93,0
2552,25,83,93,4
2553,26,87,90,2
2554,19,83,94,4
2555,25,86,92,4
2556,26,86,94,4
2557,19,86,93,3
2558,19,84,93,3
2559,19,87,94,0
2560,20,86,94,2
2561,26,87,92,0
2562,21,83,89,5
2563,22,82,92,2
2564,29,82,89,3
2565,19,84,92,1
2566,21,82,91,3
2567,19,84,94,4
2568,18,87,93,3
2569,28,87,90,5
2570,27,81,93,3
2571,23,85,93,1
2572,24,84,93,3
2573,21,87,90,3
2574,30,84,88,5
2575,27,81,90,3
2576,23,81,92,3
2577,22,81,90,4
2578,29,81,91,3
2579,27,87,90,0
2580,28,83,88,5
2581,25,85,92,2
2582,20,85,91,2
2583,23,81,93,4
2584,26,86,93,4
2585,22,83,92,4
2586,19,87,91,3
2587,19,84,89,2
2588,24,84,88,2
2589,19,83,89,3
2590,28,84,93,2
2591,24,85,94,0
2592,20,83,91,2
2593,25,81,93,1
2594,24,84,92,4
2595,28,84,90,2
2596,18,87,88,4
2597,27,84,89,3
2598,26,81,90,4
2599,22,86,89,1
2600,26,86,94,4
2601,24,83,89,4
2602,26,84,88,0
2603,19,86,90,1
2604,18,83,90,0
2605,28,86,94,3
2606,22,84,88,4
2607,25,84,89,5
2608,18,81,94,4
2609,26,86,89,4
2610,29,83,91,0
2611,25,84,93,2
2612,18,84,89,4
2613,21,87,88,3
2614,28,86,94,3
2615,20,87,92,0
2616,23,81,94,0
2617,30,85,93,3
2618,20,84,91,2
2619,22,81,92,4
2620,27,84,94,5
2621,21,86,93,1
2622,26,82,94,1
2623,18,85,91,5
2624,30,83,94,1
2625,26,83,94,3
2626,28,81,92,4
2627,21,82,90,3
2628,18,87,90,3
2629,26,84,93,0
2630,24,83,88,0
2631,20,87,88,4
2632,27,87,92,4
2633,28,87,91,3
2634,29,81,89,2
2635,25,83,94,4
2636,27,85,88,2
2637,29,84,93,4
2638,25,84,93,3
2639,20,81,93,3
2640,19,84,91,4
2641,23,87,91,3
2642,20,87,93,5
2643,23,87,93,2
2644,27,85,89,4
2645,27,83,93,4
2646,21,86,94,2
2647,19,86,90,4
2648,30,86,92,3
2649,19,87,91,2
2650,21,81,94,0
2651,28,84,94,1
2652,19,87,92,4
2653,21,86,90,3
2654,23,81,89,0
2655,19,84,93,4
2656,20,87,91,3
2657,23,85,93,4
2658,27,86,93,2
2659,19,85,92,1
2660,19,82,93,2
2661,18,86,92,1
2662,29,85,92,1
2663,23,85,94,2
2664,30,82,90,1
2665,25,83,88,4
2666,24,84,91,5
2667,28,87,94,3
2668,27,84,93,4
2669,30,86,94,0
2670,23,87,89,5
2671,28,85,88,3
2672,18,87,94,2
2673,26,86,91,1
2674,19,82,91,4
2675,30,84,91,4
2676,25,84,94,4
2677,20,85,88,3
2678,21,81,89,5
2679,30,84,89,4
2680,23,83,92,4
2681,23,83,92,4
2682,18,84,94,1
2683,26,87,93,4
2684,20,84,89,3
2685,23,87,88,4
2686,25,83,94,2
2687,20,81,90,2
2688,25,85,92,0
2689,24,85,92,2
2690,19,86,88,4
2691,30,84,89,2
2692,20,85,90,3
2693,22,86,94,0
2694,30,87,93,4
2695,18,85,89,2
2696,20,86,91,5
2697,20,87,91,2
2698,25,86,94,4
2699,20,86,91,3
2700,23,81,90,4
2701,24,82,94,3
2702,29,82,93,1
2703,25,86,88,3
2704,25,87,89,4
2705,27,81,94,4
2706,29,86,91,2
2707,19,84,91,4
2708,21,81,89,3
2709,23,87,94,2
2710,30,84,88,4
2711,22,84,94,4
2712,28,87,91,4
2713,20,85,91,5
2714,30,82,93,2
2715,21,87,90,2
2716,21,87,90,4
2717,21,86,94,1
2718,19,84,93,4
2719,20,83,90,0
2720,25,86,93,4
2721,24,83,94,4
2722,23,86,89,2
2723,28,86,92,2
2724,29,81,88,4
2725,28,83,89,4
2726,22,82,92,5
2727,27,84,91,3
2728,24,86,88,3
2729,26,86,89,1
2730,25,81,93,1
2731,20,85,88,2
2732,29,86,93,4
2733,30,85,94,5
2734,21,84,94,0
2735,25,84,93,4
2736,27,86,88,3
2737,23,83,93,3
2738,22,87,92,2
2739,20,87,94,4
2740,20,81,91,4
2741,23,87,92,4
2742,19,84,93,1
2743,28,87,91,1
2744,24,83,92,0
2745,25,81,93,3
2746,20,86,94,4
2747,22,83,94,5
2748,30,85,90,1
2749,22,84,93,2
2750,28,81,91,3
2751,23,86,94,2
2752,26,81,93,3
2753,27,86,89,4
2754,27,85,93,4
2755,30,86,90,0
2756,27,86,89,1
2757,22,87,93,2
2758,30,87,94,5
2759,20,87,91,3
2760,21,86,88,2
2761,25,87,92,2
2762,28,84,91,4
2763,19,86,93,0
2764,25,86,91,4
2765,27,86,92,5
2766,19,84,89,4
2767,22,82,91,2
2768,25,87,94,3
2769,23,81,89,0
2770,30,86,93,3
2771,25,85,93,0
2772,29,85,94,2
2773,18,87,91,1
2774,18,81,94,4
2775,30,86,89,2
2776,21,86,89,2
2777,29,81,92,3
2778,25,85,93,3
2779,20,85,92,4
2780,22,84,94,2
2781,18,87,88,1
2782,30,82,92,3
2783,20,87,93,5
2784,26,83,94,1
2785,24,83,89,1
2786,28,85,89,5
2787,22,87,91,4
2788,21,85,94,4
2789,25,82,91,4
2790,27,86,90,4
2791,29,83,91,1
2792,19,87,93,2
2793,29,87,92,2
2794,24,86,90,2
2795,20,87,89,2
2796,21,82,94,0
2797,26,84,89,4
2798,19,84,94,2
2799,28,83,89,5
2800,28,85,89,4
2801,25,84,92,4
2802,27,84,88,4
2803,29,87,93,2
2804,29,83,93,4
2805,27,86,92,2
2806,23,81,91,0
2807,20,84,91,4
2808,24,85,94,2
2809,18,81,91,4
2810,21,83,92,0
2811,20,84,94,4
2812,22,86,90,4
2813,25,84,93,0
2814,18,82,89,4
2815,30,82,90,4
2816,28,86,88,3
2817,26,87,94,4
2818,25,85,89,3
2819,21,87,91,4
2820,28,87,89,0
2821,26,87,91,4
2822,21,84,91,0
2823,21,87,93,2
2824,18,87,91,4
2825,29,86,94,2
2826,22,86,91,3
2827,30,85,92,1
2828,18,84,91,3
2829,21,86,94,0
2830,24,86,94,4
2831,30,84,94,5
2832,28,83,94,3
2833,19,87,88,2
2834,25,85,88,5
2835,24,84,91,1
2836,25,84,89,1
2837,27,87,88,4
2838,20,82,93,1
2839,29,84,90,4
2840,27,84,94,4
2841,25,87,94,2
2842,25,82,91,0
2843,30,87,94,0
2844,27,83,89,3
2845,26,82,93,0
2846,22,87,90,4
2847,27,83,93,1
2848,20,81,93,0
2849,26,85,91,0
2850,26,82,93,3
2851,20,87,94,4
2852,19,85,90,4
2853,23,86,93,0
2854,29,86,89,0
2855,19,82,91,4
2856,25,84,88,1
2857,24,81,89,2
2858,30,87,94,3
2859,28,86,91,3
2860,18,87,94,2
2861,30,87,91,2
2862,19,84,94,1
2863,25,84,93,5
2864,21,87,94,3
2865,20,84,90,3
2866,24,85,93,0
2867,22,85,92,4
2868,27,87,93,3
2869,30,86,93,1
2870,29,83,94,2
2871,29,86,90,4
2872,18,82,91,3
2873,23,86,90,3
2874,21,87,89,0
2875,22,87,94,3
2876,25,87,92,0
2877,21,87,89,0
2878,30,87,88,5
2879,20,87,94,5
2880,18,83,91,4
2881,24,85,91,5
2882,19,87,92,1
2883,25,87,94,4
2884,22,83,94,3
2885,29,84,90,4
2886,30,87,88,4
2887,27,84,94,2
2888,24,86,89,2
2889,18,81,94,4
2890,20,84,94,2
2891,24,87,89,0
2892,26,87,94,3
2893,29,87,91,4
2894,28,84,93,1
2895,26,86,94,1
2896,26,86,89,0
2897,26,86,93,1
2898,22,84,88,4
2899,29,86,92,4
2900,18,81,91,3
2901,20,83,92,3
2902,19,86,94,2
2903,18,87,90,3
2904,25,83,90,1
2905,20,85,91,5
2906,27,83,90,4
2907,20,82,94,5
2908,20,83,88,1
2909,26,84,89,3
2910,25,87,90,4
2911,20,81,93,4
2912,20,87,88,4
2913,29,87,90,4
2914,23,84,90,0
2915,30,81,94,2
2916,29,87,91,3
2917,19,85,94,1
2918,21,84,94,2
2919,18,84,92,4
2920,23,84,91,4
2921,23,84,88,2
2922,26,87,90,2
2923,27,84,89,2
2924,21,84,94,3
2925,26,84,92,2
2926,27,82,94,5
2927,29,84,89,0
2928,29,83,93,2
2929,18,87,92,0
2930,23,83,91,4
2931,25,82,91,4
2932,24,84,91,3
2933,21,86,94,2
2934,28,84,94,0
2935,21,82,89,4
2936,19,87,93,4
2937,21,87,93,2
2938,19,87,94,4
2939,28,87,91,2
2940,28,86,93,1
2941,25,84,93,5
2942,30,87,91,4
2943,18,86,93,2
2944,19,87,92,5
2945,25,85,92,1
2946,22,82,88,1
2947,18,84,88,3
2948,22,81,94,4
2949,26,82,88,3
2950,18,84,92,4
2951,22,87,89,3
2952,20,82,94,1
2953,25,81,94,2
2954,25,84,90,4
2955,29,81,89,1
2956,21,81,90,4
2957,24,86,91,4
2958,29,82,92,4
2959,21,83,93,3
2960,23,82,92,4
2961,21,83,91,0
2962,27,84,91,1
2963,19,86,90,2
2964,22,86,90,0
2965,18,84,91,5
2966,27,84,88,1
2967,27,86,90,4
2968,21,86,91,2
2969,18,82,94,1
2970,20,84,94,4
2971,26,82,88,5
2972,27,84,93,0
2973,23,87,91,3
2974,26,84,88,4
2975,26,87,93,3
2976,26,81,92,3
2977,30,83,93,0
2978,18,87,90,3
2979,26,87,91,3
2980,22,87,92,4
2981,20,87,93,5
2982,29,87,90,2
2983,30,87,91,4
2984,30,86,94,2
2985,19,83,89,2
2986,29,87,88,2
2987,29,86,88,4
2988,26,85,88,0
2989,18,87,92,3
2990,20,84,88,0
2991,20,85,93,1
2992,26,84,94,2
2993,22,82,90,2
2994,23,86,88,4
2995,29,86,91,5
2996,19,84,93,1
2997,28,83,92,5
2998,24,86,93,4
2999,20,86,91,5
3000,21,86,89,4
3001,19,84,89,4
3002,30,84,92,2
3003,24,86,94,1
3004,26,84,90,4
3005,26,86,94,0
3006,30,87,94,5
3007,25,85,94,0
3008,23,86,93,3
3009,25,83,93,3
3010,20,84,88,4
3011,29,87,93,2
3012,28,81,88,4
3013,25,87,92,2
3014,23,84,90,1
3015,18,83,90,0
3016,22,85,93,5
3017,30,84,94,2
3018,19,81,92,2
3019,27,85,91,0
3020,25,82,91,2
3021,28,86,90,3
3022,24,82,89,3
3023,28,82,93,4
3024,27,86,92,1
3025,25,84,88,4
3026,28,83,91,5
3027,27,82,89,2
3028,18,82,92,2
3029,21,83,93,2
3030,24,83,88,5
3031,22,87,93,4
3032,25,86,91,1
3033,20,84,93,4
3034,30,83,89,3
3035,21,85,91,3
3036,21,84,88,0
3037,22,86,94,3
3038,29,85,93,4
3039,24,84,89,3
3040,23,86,93,4
3041,20,85,94,0
3042,29,86,89,3
3043,22,86,89,3
3044,19,87,91,4
3045,26,87,91,0
3046,30,87,93,4
3047,28,82,91,3
3048,24,87,93,4
3049,30,84,88,0
3050,20,82,91,1
3051,18,81,92,3
3052,27,84,93,2
3053,18,86,92,2
3054,27,84,94,4
3055,28,84,91,4
3056,23,87,92,4
3057,28,87,94,3
3058,29,87,94,4
3059,19,85,93,3
3060,21,87,94,1
3061,19,81,92,3
3062,20,84,93,0
3063,29,86,92,4
3064,25,87,93,2
3065,20,86,89,1
3066,23,87,93,0
3067,28,84,88,0
3068,26,85,89,2
3069,27,83,90,4
3070,24,85,91,4
3071,26,86,94,0
3072,19,85,93,5
3073,19,84,93,3
3074,20,84,91,4
3075,28,84,93,4
3076,30,83,93,4
3077,27,81,90,3
3078,25,86,93,4
3079,23,84,88,4
3080,28,82,90,0
3081,25,81,94,3
3082,18,84,89,4
3083,20,82,93,4
3084,21,84,88,1
3085,19,84,93,3
3086,23,86,90,1
3087,21,85,91,4
3088,22,81,93,2
3089,29,82,90,2
3090,24,87,93,4
3091,29,86,93,2
3092,27,87,88,4
3093,27,87,90,4
3094,29,83,88,2
3095,19,84,93,2
3096,18,84,94,4
3097,27,84,90,3
3098,24,81,90,1
3099,30,82,92,2
3100,20,81,94,0
3101,26,87,92,3
3102,26,81,91,4
3103,21,84,94,5
3104,20,86,93,4
3105,26,85,94,3
3106,21,84,94,4
3107,24,82,94,3
3108,23,86,93,1
3109,29,83,91,2
3110,28,87,89,0
3111,25,85,91,4
3112,27,81,93,3
3113,26,87,91,4
3114,23,85,93,4
3115,26,87,91,2
3116,30,83,91,1
3117,27,82,92,5
3118,23,84,91,4
3119,20,81,88,0
3120,28,82,94,4
3121,23,87,88,5
3122,22,86,91,0
3123,29,84,91,0
3124,29,86,89,2
3125,20,87,93,3
3126,18,82,88,2
3127,23,85,93,1
3128,23,82,90,3
3129,28,86,91,3
3130,30,87,89,5
3131,18,84,90,2
3132,27,85,93,5
3133,21,87,94,4
3134,21,86,93,4
3135,24,84,91,2
3136,26,84,94,2
3137,29,87,89,0
3138,23,82,90,4
3139,23,81,93,3
3140,29,84,89,5
3141,25,81,88,2
3142,22,86,93,3
3143,20,85,92,4
3144,20,86,88,4
3145,24,87,93,0
3146,20,84,89,1
3147,23,85,91,3
3148,19,84,90,0
3149,25,84,88,1
3150,22,82,92,3
3151,27,81,94,2
3152,26,86,94,4
3153,28,85,91,4
3154,19,86,88,3
3155,30,86,94,3
3156,19,85,91,3
3157,20,82,91,5
3158,23,84,91,5
3159,22,84,88,0
3160,26,86,94,0
3161,22,84,91,1
3162,29,82,92,3
3163,19,82,91,0
3164,20,87,91,4
3165,18,84,94,3
3166,29,86,93,3
3167,20,85,91,2
3168,24,86,88,4
3169,19,84,93,4
3170,25,83,94,1
3171,27,83,92,0
3172,26,86,91,5
3173,27,82,94,0
3174,21,81,88,3
3175,18,85,93,5
3176,26,82,94,2
3177,27,86,88,0
3178,28,83,93,2
3179,28,87,88,0
3180,23,86,92,3
3181,24,87,94,2
3182,25,87,92,4
3183,27,82,94,5
3184,28,87,93,5
3185,25,84,94,2
3186,20,86,88,1
3187,19,87,90,2
3188,27,84,93,4
3189,27,86,90,2
3190,27,82,91,1
3191,18,81,94,5
3192,28,87,94,2
3193,27,84,88,4
3194,19,83,94,3
3195,21,84,90,4
3196,26,87,93,5
3197,25,81,93,2
3198,30,83,93,2
3199,21,86,88,4
3200,27,85,88,4
3201,24,84,91,3
3202,21,86,88,1
3203,22,83,90,3
3204,21,81,94,1
3205,22,84,93,4
3206,30,83,88,2
3207,19,84,92,3
3208,28,85,94,2
3209,24,85,92,0
3210,20,84,90,1
3211,21,84,92,3
3212,23,85,93,5
3213,19,82,94,0
3214,27,87,94,2
3215,22,84,90,4
3216,29,84,88,1
3217,30,86,91,4
3218,29,87,91,4
3219,28,87,89,0
3220,18,82,91,4
3221,30,82,92,3
3222,19,87,93,4
3223,26,83,94,0
3224,25,83,94,2
3225,23,84,91,3
3226,23,82,94,4
3227,18,81,89,1
3228,19,87,94,3
3229,29,86,88,5
3230,28,82,94,2
3231,18,84,90,0
3232,29,85,94,3
3233,25,85,91,3
3234,21,81,93,2
3235,25,87,94,3
3236,19,84,94,2
3237,20,85,90,2
3238,18,86,92,2
3239,21,83,88,2
3240,25,81,94,2
3241,29,84,88,5
3242,22,83,94,2
3243,24,84,91,4
3244,18,82,91,4
3245,29,81,93,4
3246,29,82,89,1
3247,24,87,88,4
3248,29,84,91,4
3249,24,83,94,5
3250,18,87,91,2
3251,22,87,89,5
3252,29,86,91,3
3253,19,86,94,2
3254,24,86,88,3
3255,26,87,89,4
3256,25,84,91,2
3257,23,85,93,2
3258,27,87,93,3
3259,29,86,91,0
3260,23,85,90,5
3261,23,87,94,4
3262,21,84,94,5
3263,24,83,94,5
3264,18,87,89,2
3265,18,86,91,3
3266,22,86,94,4
3267,29,83,92,2
3268,26,81,91,0
3269,24,81,88,0
3270,19,86,94,2
3271,20,87,92,3
3272,25,84,94,0
3273,24,86,93,2
3274,27,84,92,1
3275,23,83,91,1
3276,25,84,90,2
3277,23,84,89,2
3278,22,84,91,4
3279,24,86,89,4
3280,18,87,90,1
3281,28,87,91,4
3282,27,87,91,3
3283,27,81,88,3
3284,24,84,94,2
3285,19,84,94,3
3286,26,84,93,2
3287,18,84,94,4
3288,23,87,90,2
3289,22,84,91,2
3290,19,85,88,4
3291,25,83,91,4
3292,23,85,94,3
3293,26,84,91,1
3294,21,83,92,4
3295,26,85,90,3
3296,27,83,94,4
3297,26,87,91,2
3298,20,86,92,3
3299,19,81,91,2
3300,23,83,94,2
3301,23,83,93,1
3302,18,81,93,4
3303,23,86,92,2
3304,22,87,93,3
3305,29,85,91,0
3306,27,84,91,0
3307,29,87,88,2
3308,22,85,94,3
3309,24,86,94,4
3310,18,86,91,3
3311,28,85,89,5
3312,28,82,94,1
3313,30,84,88,1
3314,18,84,92,1
3315,27,83,93,4
3316,21,82,90,4
3317,19,87,93,4
3318,21,85,93,2
3319,21,84,92,4
3320,19,85,94,4
3321,20,82,93,1
3322,24,84,90,3
3323,21,87,90,3
3324,26,86,89,3
3325,19,85,91,5
3326,23,86,94,5
3327,29,83,93,4
3328,27,83,91,4
3329,18,87,94,5
3330,24,81,90,4
3331,26,83,93,2
3332,19,84,90,3
3333,25,87,89,3
3334,25,84,88,5
3335,19,83,91,2
3336,19,81,93,3
3337,25,86,94,3
3338,29,85,94,5
3339,22,86,91,0
3340,21,84,93,2
3341,30,86,93,0
3342,18,85,94,4
3343,27,81,94,4
3344,28,82,89,4
3345,18,87,91,3
3346,22,82,89,3
3347,19,82,91,5
3348,18,83,91,0
3349,19,86,91,4
3350,18,83,92,0
3351,28,84,90,1
3352,28,86,94,4
3353,20,81,91,4
3354,22,87,93,3
3355,27,84,91,4
3356,27,87,88,2
3357,25,84,88,0
3358,24,85,89,5
3359,22,82,94,0
3360,23,84,94,4
3361,23,83,93,4
3362,21,81,90,4
3363,22,84,92,3
3364,30,82,93,1
3365,24,85,94,4
3366,29,85,94,3
3367,26,84,92,4
3368,29,86,94,3
3369,30,84,94,3
3370,22,82,94,5
3371,29,84,94,4
3372,18,84,90,4
3373,27,84,91,4
3374,29,84,93,2
3375,18,81,90,4
3376,28,84,93,2
3377,24,84,93,2
3378,24,87,91,1
3379,27,87,88,2
3380,30,84,90,1
3381,29,83,92,0
3382,29,87,93,3
3383,26,86,94,4
3384,21,84,91,1
3385,19,86,88,4
3386,23,85,91,4
3387,22,83,88,3
3388,30,84,94,5
3389,30,84,94,4
3390,18,84,93,4
3391,29,84,89,3
3392,20,84,91,3
3393,22,82,88,3
3394,25,86,88,3
3395,23,84,88,5
3396,24,86,92,2
3397,28,86,94,3
3398,20,84,94,3
3399,25,83,94,2
3400,28,86,94,4
3401,18,86,92,3
3402,28,84,88,2
3403,18,86,93,0
3404,18,87,90,4
3405,30,82,90,1
3406,28,84,92,0
3407,23,86,91,3
3408,22,82,93,2
3409,22,87,92,4
3410,20,86,91,0
3411,27,84,89,2
3412,18,84,93,2
3413,28,82,91,3
3414,29,84,90,0
3415,19,87,94,4
3416,20,81,91,4
3417,23,86,90,2
3418,26,84,94,4
3419,29,86,93,1
3420,28,82,90,0
3421,26,86,94,4
3422,24,87,93,4
3423,26,87,92,2
3424,22,81,91,3
3425,21,81,93,1
3426,18,81,88,5
3427,25,84,90,5
3428,22,87,91,4
3429,20,86,94,3
3430,25,86,93,0
3431,26,84,91,4
3432,22,86,88,1
3433,24,84,88,1
3434,30,83,88,0
3435,21,86,91,1
3436,22,85,91,3
3437,25,86,91,4
3438,27,84,92,2
3439,24,82,89,3
3440,25,85,89,4
3441,25,86,93,5
3442,27,84,93,4
3443,29,84,94,1
3444,21,83,94,2
3445,28,87,93,0
3446,28,81,94,4
3447,29,84,91,0
3448,29,84,91,3
3449,22,82,94,4
3450,26,87,91,2
3451,25,82,94,1
3452,30,87,93,5
3453,28,86,88,5
3454,27,85,92,1
3455,24,83,94,4
3456,26,84,91,0
3457,26,83,91,0
3458,19,85,93,1
3459,30,82,90,2
3460,26,83,88,2
3461,28,82,94,2
3462,30,83,88,3
3463,28,86,94,0
3464,18,81,91,3
3465,24,82,93,2
3466,28,83,93,2
3467,22,87,91,2
3468,23,82,90,4
3469,27,87,94,2
3470,24,86,90,5
3471,25,86,89,2
3472,28,82,89,3
3473,28,86,94,3
3474,27,81,88,1
3475,26,86,90,4
3476,27,83,88,0
3477,26,82,93,1
3478,22,86,94,3
3479,19,87,92,2
3480,26,82,92,3
3481,18,84,94,1
3482,21,82,94,4
3483,27,87,91,1
3484,22,84,93,3
3485,18,87,90,2
3486,21,87,91,2
3487,18,84,91,2
3488,30,84,92,4
3489,25,84,91,4
3490,25,83,91,4
3491,20,87,89,1
3492,29,83,91,3
3493,28,83,94,5
3494,28,86,91,5
3495,28,87,93,4
3496,30,87,91,3
3497,29,81,89,4
3498,30,81,91,3
3499,18,81,93,2
3500,20,82,93,0
3501,21,82,90,1
3502,29,85,89,2
3503,25,86,88,3
3504,25,81,89,3
3505,18,87,88,2
3506,20,81,91,0
3507,20,86,92,4
3508,24,82,94,2
3509,29,87,94,2
3510,26,86,89,2
3511,27,87,91,0
3512,21,87,91,2
3513,21,87,88,4
3514,19,84,93,4
3515,29,85,94,2
3516,24,85,90,4
3517,29,84,88,5
3518,30,82,94,2
3519,30,83,88,4
3520,20,86,93,3
3521,25,85,91,1
3522,24,83,91,4
3523,18,84,94,3
3524,18,83,94,4
3525,24,83,89,3
3526,28,81,88,5
3527,26,84,89,3
3528,21,82,93,4
3529,26,85,92,2
3530,18,82,94,2
3531,21,86,91,5
3532,28,83,94,4
3533,28,84,91,4
3534,20,84,89,2
3535,20,83,89,2
3536,29,85,94,3
3537,22,87,90,5
3538,30,81,93,2
3539,24,84,90,2
3540,26,84,92,5
3541,26,87,92,4
3542,21,84,89,3
3543,22,82,94,1
3544,27,86,91,3
3545,18,86,91,0
3546,26,85,90,3
3547,22,84,88,2
3548,30,81,91,2
3549,23,84,93,4
3550,30,87,91,4
3551,20,86,89,2
3552,20,87,93,5
3553,30,87,91,4
3554,20,87,91,0
3555,19,87,89,0
3556,30,86,94,0
3557,25,87,92,4
3558,28,86,93,5
3559,22,87,93,5
3560,18,84,93,3
3561,27,84,94,5
3562,30,84,91,2
3563,25,86,93,2
3564,29,84,94,1
3565,23,82,91,4
3566,29,84,93,2
3567,19,84,91,4
3568,25,83,91,4
3569,24,84,90,1
3570,18,84,93,5
3571,26,84,91,2
3572,30,83,93,0
3573,25,84,93,4
3574,27,85,94,4
3575,30,87,90,4
3576,29,81,94,2
3577,30,84,88,5
3578,28,81,88,3
3579,26,83,89,2
3580,22,86,93,2
3581,23,86,91,1
3582,28,86,88,2
3583,22,86,93,1
3584,18,87,91,2
3585,20,84,94,0
3586,29,84,88,4
3587,22,84,93,4
3588,20,87,89,4
3589,25,86,89,4
3590,21,84,89,3
3591,20,82,92,4
3592,26,87,88,0
3593,26,87,91,5
3594,24,84,89,0
3595,30,84,93,1
3596,26,87,94,3
3597,19,84,90,1
3598,23,81,94,3
3599,26,82,88,4
3600,22,84,91,2
3601,26,81,93,5
3602,27,84,88,2
3603,20,86,91,4
3604,29,81,93,5
3605,20,87,91,3
3606,23,87,88,2
3607,20,81,93,2
3608,23,81,93,3
3609,30,87,92,3
3610,27,87,88,2
3611,24,87,94,3
3612,27,82,94,3
3613,19,82,91,3
3614,22,84,90,4
3615,22,87,91,1
3616,26,87,89,1
3617,22,86,88,5
3618,18,85,88,3
3619,24,86,91,3
3620,29,86,93,4
3621,26,85,88,4
3622,18,85,91,4
3623,23,87,94,1
3624,22,81,94,4
3625,27,84,94,4
3626,28,87,89,3
3627,28,87,92,4
3628,21,83,94,4
3629,27,82,91,4
3630,22,87,92,2
3631,26,87,93,4
3632,29,87,94,2
3633,29,82,94,0
3634,22,87,88,4
3635,21,82,94,2
3636,19,87,94,0
3637,30,86,91,3
3638,25,87,94,3
3639,27,84,93,4
3640,23,87,94,1
3641,29,84,88,5
3642,20,83,91,0
3643,19,85,88,2
3644,26,86,94,4
3645,22,81,92,3
3646,20,84,94,4
3647,21,82,94,3
3648,18,86,91,0
3649,25,85,91,5
3650,24,82,91,4
3651,28,84,94,3
3652,29,83,91,4
3653,23,84,93,4
3654,25,87,94,1
3655,30,81,94,4
3656,27,85,94,2
3657,21,83,92,2
3658,22,81,94,1
3659,26,82,93,5
3660,21,87,94,3
3661,19,87,93,4
3662,19,86,92,0
3663,22,83,88,3
3664,21,84,88,5
3665,20,87,88,3
3666,20,84,91,0
3667,18,87,93,4
3668,19,86,90,4
3669,28,87,88,5
3670,18,85,93,4
3671,19,84,92,4
3672,19,84,89,0
3673,25,86,91,4
3674,23,86,91,3
3675,30,83,93,3
3676,25,87,88,5
3677,18,87,88,4
3678,18,84,92,4
3679,22,84,91,1
3680,21,86,91,4
3681,22,84,94,3
3682,21,84,94,4
3683,25,85,88,2
3684,21,84,94,1
3685,27,86,94,3
3686,20,86,93,2
3687,21,84,89,4
3688,25,85,89,2
3689,28,84,88,5
3690,28,84,92,3
3691,27,84,93,1
3692,28,84,91,1
3693,23,82,88,2
3694,29,83,93,5
3695,30,86,90,3
3696,25,86,93,4
3697,19,81,93,5
3698,19,87,88,4
3699,20,83,90,2
3700,27,82,91,4
3701,23,87,91,3
3702,26,84,91,3
3703,24,86,93,1
3704,19,85,90,4
3705,20,81,92,3
3706,25,86,94,2
3707,28,81,94,4
3708,23,83,94,1
3709,29,87,91,3
3710,24,86,90,2
3711,25,87,90,0
3712,20,82,90,2
3713,28,83,91,4
3714,27,87,93,4
3715,20,86,90,3
3716,29,82,92,2
3717,20,84,91,3
3718,21,82,88,4
3719,29,84,94,3
3720,18,86,89,1
3721,22,81,89,2
3722,22,81,90,3
3723,24,82,91,2
3724,18,86,91,4
3725,30,82,88,5
3726,24,82,88,1
3727,30,84,91,2
3728,23,84,90,5
3729,18,84,90,4
3730,18,85,93,5
3731,28,82,89,4
3732,27,83,94,5
3733,23,84,93,5
3734,22,82,92,4
3735,30,87,90,2
3736,30,83,94,2
3737,29,86,91,5
3738,29,84,93,2
3739,18,82,92,4
3740,18,84,94,4
3741,23,86,93,4
3742,23,82,93,1
3743,24,84,92,2
3744,30,82,92,5
3745,26,87,91,4
3746,23,85,94,3
3747,29,87,91,2
3748,30,87,91,4
3749,21,86,91,4
3750,29,82,94,1
3751,23,86,91,4
3752,19,83,93,4
3753,28,87,92,4
3754,25,82,91,2
3755,26,82,94,4
3756,21,86,89,4
3757,23,86,94,0
3758,25,81,88,2
3759,20,84,92,0
3760,26,82,88,4
3761,26,84,94,3
3762,30,87,90,3
3763,23,87,92,5
3764,20,86,91,3
3765,21,87,93,4
3766,27,86,93,4
3767,29,87,94,2
3768,18,86,94,2
3769,28,84,89,0
3770,30,87,91,4
3771,23,81,94,3
3772,28,81,88,1
3773,24,85,90,3
3774,22,87,90,3
3775,24,86,89,3
3776,22,86,94,3
3777,23,87,89,3
3778,23,84,91,0
3779,24,84,90,3
3780,26,87,93,4
3781,30,84,92,5
3782,24,85,93,4
3783,25,82,93,1
3784,29,87,92,5
3785,28,83,94,4
3786,23,82,90,4
3787,26,84,92,4
3788,26,84,92,2
3789,30,83,88,4
3790,19,84,91,3
3791,29,83,89,3
3792,26,84,90,4
3793,18,85,94,0
3794,27,84,92,0
3795,26,81,90,2
3796,23,86,93,5
3797,26,82,92,3
3798,28,86,94,3
3799,30,87,91,4
3800,29,86,91,3
3801,19,83,89,4
3802,28,81,92,0
3803,21,82,93,2
3804,26,87,88,3
3805,18,86,91,3
3806,24,84,94,3
3807,21,85,88,4
3808,24,82,88,0
3809,25,86,93,1
3810,28,84,94,1
3811,20,82,93,4
3812,24,85,90,5
3813,23,82,92,4
3814,30,86,93,2
3815,30,86,89,4
3816,29,82,91,5
3817,23,85,88,4
3818,27,84,91,3
3819,27,86,91,2
3820,21,87,92,3
3821,23,87,93,4
3822,19,82,94,4
3823,29,83,91,3
3824,25,81,93,5
3825,29,86,91,4
3826,28,87,94,0
3827,28,82,91,4
3828,26,81,93,1
3829,29,86,93,2
3830,30,85,93,0
3831,27,85,92,2
3832,23,81,90,3
3833,28,87,94,3
3834,24,84,89,4
3835,30,87,93,1
3836,30,83,91,1
3837,28,87,93,1
3838,24,87,93,4
3839,25,86,94,0
3840,28,87,90,2
3841,26,83,93,2
3842,24,86,88,2
3843,28,87,91,3
3844,21,85,91,1
3845,20,87,93,5
3846,19,84,91,4
3847,20,82,90,3
3848,22,85,94,4
3849,18,86,89,4
3850,20,86,94,0
3851,27,84,90,5
3852,29,87,92,5
3853,18,86,93,2
3854,29,81,94,2
3855,30,84,94,4
3856,27,86,91,1
3857,21,87,90,3
3858,23,83,94,3
3859,21,87,88,2
3860,25,83,89,3
3861,20,83,94,2
3862,18,86,88,4
3863,30,87,88,2
3864,27,84,94,5
3865,24,85,93,4
3866,30,84,93,3
3867,23,81,92,5
3868,25,86,91,2
3869,27,84,89,0
3870,28,86,89,2
3871,23,81,94,2
3872,29,85,91,3
3873,27,81,93,5
3874,21,82,94,2
3875,28,87,94,2
3876,29,84,88,3
3877,20,84,89,4
3878,22,84,88,3
3879,25,84,93,5
3880,25,87,90,2
3881,22,87,88,1
3882,24,85,94,0
3883,27,84,91,5
3884,18,84,88,2
3885,24,86,89,4
3886,19,83,88,1
3887,21,83,93,2
3888,23,84,94,4
3889,25,84,94,2
3890,19,87,92,3
3891,18,84,94,2
3892,26,84,91,3
3893,18,85,94,4
3894,29,82,92,3
3895,22,81,92,2
3896,25,86,90,5
3897,22,82,94,2
3898,26,84,91,2
3899,26,81,94,2
3900,18,83,93,4
3901,26,83,94,4
3902,25,86,94,4
3903,18,87,91,3
3904,22,83,88,2
3905,19,81,90,4
3906,23,87,94,3
3907,23,81,89,5
3908,22,81,92,3
3909,22,86,91,4
3910,29,85,90,5
3911,28,87,88,0
3912,21,87,88,3
3913,30,86,93,3
3914,20,84,89,5
3915,21,86,93,4
3916,20,82,93,3
3917,28,87,91,2
3918,22,82,92,3
3919,30,87,94,2
3920,26,84,93,4
3921,22,84,94,4
3922,27,84,94,4
3923,30,83,93,4
3924,25,85,91,1
3925,26,81,93,3
3926,24,85,94,3
3927,20,81,89,0
3928,29,83,91,4
3929,18,86,93,5
3930,20,84,93,1
3931,19,82,89,2
3932,26,87,91,5
3933,27,84,91,0
3934,27,87,91,5
3935,24,86,89,4
3936,22,87,93,5
3937,26,87,91,0
3938,25,81,93,3
3939,29,87,91,3
3940,26,86,91,2
3941,24,83,94,2
3942,30,87,90,4
3943,27,87,92,4
3944,19,82,90,4
3945,24,83,92,2
3946,28,82,93,2
3947,18,86,91,2
3948,28,87,91,1
3949,21,87,89,2
3950,19,81,94,2
3951,18,83,89,3
3952,29,87,94,4
3953,29,86,93,3
3954,30,86,91,4
3955,21,83,93,5
3956,21,86,94,2
3957,24,85,91,4
3958,20,86,88,5
3959,27,87,92,4
3960,28,87,94,3
3961,29,84,88,4
3962,29,87,93,5
3963,23,84,91,1
3964,29,84,92,0
3965,29,86,93,3
3966,26,84,88,2
3967,24,81,91,5
3968,27,87,90,0
3969,20,87,89,5
3970,25,86,93,3
3971,22,87,91,2
3972,24,82,93,4
3973,28,84,91,3
3974,20,82,93,3
3975,30,86,93,4
3976,21,86,92,3
3977,26,85,93,5
3978,20,87,94,4
3979,27,86,90,2
3980,26,85,94,3
3981,23,87,93,3
3982,24,84,92,5
3983,19,87,91,5
3984,24,86,93,3
3985,18,82,90,4
3986,21,87,92,2
3987,23,87,93,3
3988,28,84,93,4
3989,30,87,94,3
3990,19,84,91,3
3991,26,82,92,2
3992,18,84,93,1
3993,23,86,94,1
3994,26,87,93,4
3995,18,87,91,2
3996,20,84,94,0
3997,20,84,92,3
3998,19,87,94,3
3999,24,82,93,2
