0,44,33,39,45,41,48,38
1,36,38,41
2,49,68,57,54
3,31,28,26,24
4,21,20,30,23,31,28,29
5,61,68,72,51,50,57,49
6,33,46,43,45,35,39
7,60,59,54,58,61,56
8,33,45,42,40,39
9,53,67,50
10,61,71,62,56,66,50
11,80,74,76,73
12,59,64,71,70,49
13,46,36,40
14,79,74,73
15,15,14,13,11
16,15,12,13
17,33,36,45,37
18,15,9,13,10
19,26,31,18,32,27
20,37,33,48,43
21,32,22,17,23,27,24,31
22,59,64,52,57
23,21,32,23,20,31,22
24,13,15,9,11
25,43,41,46,44,47,48
26,23,19,25,32
27,68,61,60,72,49,54,51
28,27,24,22,19,32,26,31
29,23,20,30
30,37,40,36,48,33
31,3,8,1,5,7,6
32,32,20,30,31,19,26,28
33,71,59,53,65,63,58,56
34,37,34,36,48
35,56,54,61,69,57
36,29,26,31,20,17,21,22
37,21,20,22,25
38,53,49,52,70,72,51,60
39,39,35,43,45,37,47
40,73,78,80,75,74,77,76
41,3,5,6
42,7,4,5,3
43,28,17,23
44,28,23,20,32,29,26
45,36,41,37
46,19,17,27,25,30,32
47,28,23,18,22,31,21
48,33,42,38,41,44,48
49,39,48,47,34,33,44
50,75,77,79,78,73,74
51,64,67,56,68,66
52,65,71,51,52,61,68
53,41,34,48,39,38
54,39,44,38,46,37,41,33
55,74,76,80,77,78,73
56,16,11,12,15,10,9
57,41,39,42,45,43,38,40
58,56,70,63,53,51,72
59,29,17,32,31,21,24
60,22,31,24,21,29
61,41,47,37
62,40,33,34,35
63,8,3,7
64,75,76,77,79,78,73
65,2,8,5,4,6
66,66,69,55
67,75,76,73,79,78
68,29,18,31
69,9,10,16
70,29,28,26,23,21
71,19,17,31,24,23,21
72,9,12,15,10,11
73,37,41,43,40,33,35
74,25,32,19,23
75,71,63,66,51
76,49,66,69,55
77,44,40,45,48,35,39,42
78,69,66,71
79,63,55,68,50,64,62
80,79,78,74
81,56,61,52,65,67,57,63
82,51,56,49
83,31,24,20,25
84,10,14,12
85,54,49,57,71,59,65,70
86,3,5,7,2,1
87,41,40,37,35
88,79,76,73,74
89,79,75,73,78,80,77
90,41,37,40
91,29,24,30,27,18,28,26
92,2,7,5,4,8,1,6
93,60,49,56,53,54
94,23,28,26,32,31
95,79,76,80,75
96,27,30,31,26,23,18,29
97,25,31,23,29,28,32
98,27,25,26,24,32,23
99,61,55,49,65
100,30,17,18,21
101,10,9,15,14
102,16,12,10,13,11,9,15
103,63,69,71,60
104,37,35,46,33,48
105,57,67,58,59,62,63,65
106,28,21,23,19,20
107,8,6,7,2,3,1,4
108,40,36,33,34,37,42
109,65,53,64,71,63,59
110,11,15,12,10,14,13,9
111,30,19,31,18,26,28,27
112,29,28,20,17
113,27,17,29,22
114,54,70,62,68,61,53
115,8,2,5
116,17,23,18,31,28,20
117,13,11,12,15,10,14
118,60,67,66,51,64,72,59
119,18,32,23,27
120,31,28,24
121,25,28,23,20,18,21,22
122,6,1,2,7,3
123,53,55,62,57,72,70
124,46,48,33,37,45,43
125,73,77,76,74,75,80
126,42,34,41,48
127,76,74,73,78,77,75,80
128,62,53,57,67,71,66
129,37,44,33,48
130,26,17,27,24,30,32,18
131,31,30,22,18
132,36,40,44
133,3,4,2,8,1,7
134,48,47,43,37,35,45
135,69,58,51
136,28,31,18
137,59,68,65,54,61
138,20,26,28,17,32,18
139,51,50,72,67
140,33,44,39,45,43,41
141,40,41,35,34
142,7,6,1,8,2
143,78,73,79
144,63,61,50,62,49,58
145,71,59,64,68
146,65,53,69,60
147,26,28,21,27,30,22,31
148,18,30,20,19,29,23
149,14,12,13,11,16
150,39,41,47,45,37
151,6,3,1,7,4
152,58,56,67,64
153,51,68,50
154,25,17,24
155,37,45,33,47,46
156,33,39,47
157,55,53,49,64,65,50
158,61,54,63,67
159,4,8,7,6,5,3
160,36,47,44
161,12,16,10,14,15,13,11
162,76,80,73,78
163,56,63,64,57,68
164,75,74,73,80,76,77,79
165,43,34,39,45
166,13,16,11,10,12,9,14
167,55,58,68,72,52,61
168,70,68,62,64,56,69,58
169,52,65,60,58
170,11,13,16,15
171,18,20,19
172,72,55,59,60,50,57,63
173,17,18,20,22,30,32,31
174,57,69,63
175,58,70,54
176,37,47,33,35,40
177,52,67,57
178,79,76,73,77
179,63,53,64,59,57
180,2,4,1,3,8
181,64,61,72,54,59,51
182,47,41,34,35,37
183,42,47,36,39
184,2,3,5,8
185,75,73,79,80,76,77,74
186,29,19,23,27,26,32,24
187,52,67,51
188,54,52,62,70,49,59
189,75,76,78
190,26,25,17,22
191,5,2,3,7
192,78,74,76,77,75
193,40,47,45,38,37,43,34
194,45,33,43,46,36,40
195,52,50,70,49
196,45,40,36,42,44,37
197,11,15,14,10
198,23,28,20
199,51,68,62,54
200,14,9,15,12,16,11,10
201,65,64,53,70,67
202,38,39,48,33,43,47
203,78,74,76,75,73,80,79
204,36,46,44,42,35,48
205,12,14,15
206,19,21,22
207,30,24,21,31
208,3,8,1,5
209,76,74,80,75,78,73
210,66,69,50,56
211,28,18,25,27,29,31
212,2,8,6,1,7,3,5
213,38,34,46,44,35,47,45
214,46,37,41,38,33
215,24,20,28,29,32,26
216,57,54,49,50,71,56
217,21,29,19,23,28
218,62,71,51,49
219,71,66,58
220,73,76,74,79
221,75,74,77
222,16,15,14,10,9,13
223,7,1,4,8
224,75,73,77,74,79,76
225,15,11,14
226,25,28,29,27,17,24
227,64,72,52,53
228,63,56,66
229,35,44,46,33,43
230,3,6,1
231,42,48,46
232,24,21,25,27,17
233,35,43,34
234,16,14,15
235,47,35,44,34,37,42
236,27,29,18,30,20
237,57,65,49,59,63,51,67
238,53,69,54,68,49
239,21,19,32,31
240,37,42,45,47,35
241,65,59,51
242,70,53,54,61,55,68,59
243,61,49,67
244,49,71,55
245,73,75,74
246,75,76,80
247,42,45,34,38
248,68,64,55,50,51,61,58
249,47,36,40
250,37,34,48,36,35,43
251,65,55,50,69,58,53
252,35,33,34,36,45,46,37
253,7,3,5,6,1,8
254,51,63,49,71,52,64
255,78,79,74,80,73,76,77
256,80,76,77,74
257,56,50,59,65,61
258,5,1,2
259,42,46,39,35,40,44
260,65,55,71,67,60
261,58,57,69,60,64
262,9,16,10,15
263,69,64,72,65,57,71,62
264,23,31,29,22,19
265,3,1,2,4,8,5
266,56,54,67,61
267,24,21,31,17,28,27
268,29,22,19
269,32,19,24
270,1,5,8,6,3
271,38,48,44,35,41,36,40
272,69,64,71,53,55
273,64,60,53
274,45,42,40,33
275,42,38,37,48
276,9,11,16,10,12
277,40,36,37,47,43
278,66,58,70,49,68,59
279,19,17,28,31,29,30,26
280,50,51,70,64
281,53,63,69,54,68
282,58,53,63,68,67
283,16,15,13,14,9
284,40,41,35,42,36
285,58,63,53,52,65,68
286,76,74,79
287,69,61,63,49,59,72
288,73,77,75
289,21,27,19
290,20,25,18,21
291,9,15,12
292,69,57,70,52,64,66
293,39,37,42,33,36,41,48
294,7,8,1,4
295,30,26,25,28,21
296,24,17,19
297,11,15,12,14
298,61,53,63,65,72
299,74,77,73,75
300,35,39,36
301,29,20,30,21,24
302,32,27,22
303,46,35,40
304,12,9,11
305,28,24,20
306,21,28,31,23,32,20
307,61,59,60,68
308,53,72,54,52,67,49
309,15,9,14,16,10
310,3,1,6,7,2,8
311,67,63,55,64,71,58
312,79,73,74,80
313,19,25,17,23,26,31
314,41,46,33
315,77,76,78,75,74,73
316,53,58,61
317,55,50,60,58
318,43,35,36,37
319,17,29,18
320,12,16,11,15,13
321,76,80,73
322,65,54,56,59,55,72
323,5,6,8,1,7
324,78,76,75,80
325,55,66,62,63,69
326,64,50,65,60,59,69,51
327,30,31,32,21,27,18,24
328,31,28,22,27,18
329,43,48,33,45
330,27,26,20,28,23,25,21
331,67,61,55,52,51
332,38,43,39,46,35,41,45
333,69,59,66,56,65
334,49,60,56,50,65,53,67
335,23,21,26
336,54,57,59,55
337,32,20,21,26,24,18,30
338,16,12,10,13,15,9,14
339,49,61,54,51,53,70
340,21,28,29,25
341,80,78,74,79,75,73
342,48,36,47,40,42
343,2,5,4,6,3,8,1
344,38,45,34,39
345,66,57,54,64
346,45,43,38,41,47
347,37,34,47,33
348,38,33,43,46,40,39
349,67,49,69,54,65,70,57
350,22,26,21
351,24,20,26
352,14,12,10,13
353,64,66,61,56,67
354,33,44,40,35,39,43,37
355,14,10,12,11,13,9
356,12,16,10,9,15
357,51,68,66,63,62
358,69,55,49,66,61,71
359,59,66,70
360,30,20,31,24,22,21
361,43,41,48,35,42,33,37
362,9,13,15,10,14,11
363,8,6,2,5,4,3,1
364,37,43,44
365,71,54,62,66,59,56
366,52,51,62
367,10,9,14,16,11
368,7,1,4,8,6,2
369,23,25,19,17,21
370,43,33,35,38,44,40
371,49,70,69,57,61
372,29,22,28,30
373,38,41,33,37
374,29,25,26,32
375,69,59,58,63,60
376,34,41,40
377,30,26,24,17
378,35,46,36,44,40,47
379,50,63,53
380,45,33,35,37,34,46
381,79,80,74,76
382,79,78,80,75,77,76,73
383,44,47,40,34,46
384,34,43,40,46,45,38,35
385,7,6,1
386,39,47,45,38,41
387,49,64,50,68
388,53,50,60,71
389,53,61,64,65
390,51,72,49,64,57,52,62
391,62,63,72,66,64,69
392,27,25,31,23,32,26,28
393,33,42,48,34,45,37,44
394,51,62,65
395,53,68,52,50,64
396,21,26,23
397,1,2,7,4
398,27,28,30,31,23,22,26
399,67,61,60,56,62,57,71
400,18,32,31,20
401,75,74,73
402,7,6,2,4
403,4,8,3,2,6,7
404,38,42,40
405,63,51,62,49,61,71
406,47,33,39,34,38
407,5,7,8
408,36,41,38
409,30,24,19,28,27,20
410,33,47,43,40,41,44,35
411,55,62,72,68,57,56,51
412,41,38,35,47,37,34
413,73,79,75,74,80
414,52,57,67,64
415,28,22,26
416,41,33,38
417,11,13,9,10,16,14
418,18,25,21,28,29
419,39,40,44,46,34,38
420,64,68,55,66,52,67
421,55,69,66
422,65,56,52,50,51,55
423,69,50,61,60,53
424,77,73,74,78,75,79,80
425,45,41,47
426,77,74,75,76,80,73,78
427,21,19,22,28,24,26
428,54,70,53,67,64,63
429,49,57,63
430,67,63,62,60,58,52
431,65,54,49,68,51
432,42,41,43,36,37,38,40
433,53,50,63
434,73,75,74,76,80
435,48,40,37,47
436,45,36,41,42,44
437,34,39,47,45
438,7,1,5,3,4
439,76,79,73,74,77,78,80
440,35,43,42
441,75,74,76,78,73
442,43,40,42,35
443,16,15,12,11,10,13
444,9,16,11,12
445,57,54,61,64,49,72,55
446,19,27,29,22
447,70,67,60
448,14,11,12
449,34,37,39
450,12,14,13,15
451,33,48,43,44,45,37
452,70,63,62,53,52,66,57
453,45,33,36,38,40,37,47
454,10,9,16,12,11
455,53,50,56
456,23,29,22
457,64,69,63
458,37,34,48,38,43,42,39
459,36,48,38,46,34
460,8,5,6,2,1,7,4
461,49,60,70,68
462,43,33,38,40,45,34,37
463,66,62,64,55
464,18,30,29,24,28
465,22,27,25,20,24,18,19
466,22,20,26,24,28,21
467,36,44,45,48,40,46
468,36,42,37,33,46,39
469,61,49,51,65,63,64
470,15,14,10,13,12,9
471,47,37,35,48,46,40,36
472,78,75,76,80,77,79
473,36,48,41,40
474,55,64,52,50,58,68,71
475,58,57,71,65,60,53,52
476,55,49,60,62,54
477,10,12,11,16,13,14
478,9,12,15,14
479,47,42,36,48,37,35
480,43,45,37
481,3,6,5
482,20,23,17,18,21,29,32
483,33,46,34,43,45,44,36
484,43,46,35,34,45,47
485,9,15,12
486,48,40,33,43
487,6,2,1,4,8,7
488,79,73,77,74,75
489,49,63,69,71,60
490,33,36,48
491,70,60,55,52,62
492,50,60,63
493,8,2,7
494,65,55,68,53,61,71
495,78,75,79,80,77
496,8,1,6,4
497,77,74,76,79,78,75,80
498,37,44,47,36,46,35
499,78,77,73,80
500,64,60,58,69,54,56
501,76,75,73,74
502,10,9,14
503,28,29,19
504,14,16,13
505,22,27,21,20,17,32
506,5,4,7,3,8,6
507,27,26,28
508,26,19,24,28,18,25
509,17,22,20,30
510,39,41,40,37,36,47
511,9,14,12,13,15,16,11
512,71,57,69,63,61
513,36,34,33
514,13,11,16,15,10,9,12
515,64,71,72,58
516,18,27,30
517,73,75,77,80
518,30,21,28
519,27,17,32,19,22,26,31
520,60,68,64,69
521,1,5,2
522,53,51,61,68,65,59
523,79,76,77,75,80,78
524,49,62,64,51
525,9,12,11,13,15,16
526,77,80,79
527,11,16,9,13,14,15,10
528,40,46,47
529,6,1,5
530,21,31,18
531,78,76,80,79,73,75
532,10,9,16,11
533,70,62,60
534,27,32,29,22,24
535,13,12,10,9,14,15
536,70,71,54,52,66
537,53,67,69,50,56
538,49,59,60,55,56,63,61
539,37,47,39
540,48,43,39,45,36,34
541,55,63,62,72,66
542,18,23,17
543,61,55,60,59
544,62,71,49,57,72,61,58
545,27,18,25,21,23
546,71,62,56
547,52,61,70,68,72,66,64
548,19,27,23
549,49,66,63,67,69
550,39,45,35
551,18,25,21,20,27,17
552,33,46,47,34,45,36,41
553,6,1,7,4
554,33,43,48
555,38,35,43,36
556,11,10,16
557,35,33,41,37,47,46
558,65,67,50,59,60,54
559,62,49,66,54
560,26,29,17
561,15,13,12,10
562,79,73,75,80,76,77,78
563,42,46,34,43,41
564,23,19,21,17,22,31,25
565,16,14,12
566,68,70,67,51,69
567,23,17,22,30
568,58,56,68,60,50
569,20,22,27
570,26,31,27,25,20
571,36,42,43,44,34
572,3,1,4,8,5
573,43,45,48
574,45,35,38,44,33
575,41,43,47,42
576,26,19,27,28
577,38,41,44,40
578,28,27,19,24,31,26,18
579,78,75,77,74
580,56,67,61,69
581,7,5,2,1
582,73,78,79,75,76
583,50,49,51,52,62
584,47,43,45
585,13,9,11,15,12,16,14
586,30,22,31,29
587,60,57,53,63
588,71,69,67,68
589,9,14,16,15,12
590,15,13,12,14,11,16
591,75,76,79,74,80,73,77
592,66,54,72,61
593,76,74,79,80,77,78,75
594,14,10,12
595,27,22,18,17,19,23,31
596,48,37,45,36,35,40,33
597,39,37,38
598,42,46,45,34,36,48,38
599,26,31,22
600,76,74,73,77,80,75,78
601,19,31,22,21,17,23
602,27,20,17,29,22,32
603,48,43,46,42
604,60,72,53,58,71,54,63
605,20,23,24,28
606,18,25,19,22
607,9,16,15
608,26,30,23
609,16,13,11,12,9,14,15
610,2,6,4,8,1
611,76,75,74,79,73
612,69,63,53,51,68,71,62
613,74,80,78,77
614,53,54,68,70,63,64,61
615,80,78,74,76,77,79,73
616,32,22,21
617,17,18,25
618,64,66,62,58,55
619,77,78,74,75,73,79,80
620,5,4,8,1
621,24,23,18,19
622,5,2,7
623,7,2,1
624,44,33,48,39,34
625,15,9,11
626,13,9,16,10,15,14
627,52,60,62,53,71
628,29,18,24,27,31,20
629,13,9,16
630,45,40,47,46
631,77,74,73,79
632,77,76,78,79,75
633,46,48,40
634,74,78,80,77,79,75
635,23,29,31,30,32
636,62,58,66
637,71,66,59
638,48,42,33
639,71,66,64,58,62,63,70
640,30,27,28,23,29,32,21
641,18,32,31
642,72,65,51
643,23,27,31,24,26,20,30
644,2,5,6
645,16,11,10,13,14,12,9
646,62,71,53
647,40,35,46,48,33,42
648,27,19,26,30,18
649,26,22,20,32,28,25,29
650,77,76,79,78,75,73,74
651,65,49,53,66
652,18,22,25
653,23,32,19,29,20,22,30
654,77,79,73,80,74,78,76
655,25,29,26,32
656,80,74,78,75,73
657,53,65,70,63,58
658,57,71,66,55,60
659,2,5,8,4,7
660,31,30,18,32,22,27,28
661,5,8,7,2,6
662,43,36,41,45,34,38
663,29,19,23,28
664,56,64,54,52,49,50
665,17,31,27,24,21,20,23
666,34,42,48,33,45,35,40
667,61,54,49,71,51,57
668,14,12,15,9,13
669,31,24,17,27,20,18
670,40,45,39,36,44
671,77,73,80,79,75
672,57,70,63
673,57,69,63
674,60,59,56,72,61
675,3,2,5,1,8,4,7
676,60,65,49,52,61,59,63
677,33,38,48
678,38,39,43
679,24,23,31
680,41,43,34
681,45,34,33,41,47,39,44
682,2,5,3,7,1
683,10,16,13,11
684,42,47,46,40,44,35,48
685,42,35,38,44,33,48,36
686,11,15,12,10,14,13
687,30,32,31,26,23
688,24,20,19,27,29
689,48,42,34,33
690,17,29,32
691,58,70,53,60
692,21,22,23
693,2,6,7
694,31,32,17,21,27,30,25
695,37,36,39,44
696,28,32,23,22
697,52,65,49,70,61,68
698,66,69,57,68
699,63,61,50,60
700,64,72,55,59,65,61
701,50,59,53,52,55,62
702,43,46,33,36,48,35,34
703,70,63,68,56,65
704,58,49,61,53,66,72
705,5,7,2,1,4,8
706,73,78,76,80,79
707,9,16,14,12,11,10
708,75,78,77
709,75,79,78
710,6,4,2,3,8,1,7
711,61,65,62,58,72,68,71
712,44,39,48,46,33,37
713,11,13,14
714,19,29,26,17
715,40,33,39,38,41,35
716,34,44,46,40,33,36,47
717,41,46,42,44,39
718,4,1,2
719,20,24,25
720,79,75,76,73,78
721,76,75,74,80,79
722,52,56,67,64
723,65,71,61,59,57
724,51,72,49,69,63,65,68
725,24,29,28,30,22
726,10,9,11,16,15,13,14
727,34,33,43,41,42
728,65,62,70
729,14,12,16,15,9,13,11
730,6,3,5,7,2,4
731,9,11,10,12
732,25,30,32,27,24,29,21
733,18,28,27,19,31,30
734,22,17,29
735,8,4,5
736,30,25,31,32,29,23,19
737,36,44,48,45,37,42,40
738,56,68,51,50,55
739,14,16,10,12,15,13
740,38,34,39,37,43
741,60,71,55,58,52
742,54,68,55,50,71
743,76,74,78,80,73
744,72,70,51,63
745,38,41,34,40,37
746,19,26,24
747,14,11,9,16,12
748,6,7,8
749,16,15,9,11,14,13
750,45,38,47
751,46,34,36,40,33,43
752,69,55,70,50
753,19,26,25,29,17,20,18
754,1,3,5
755,25,20,21
756,28,20,22,31,25,19,21
757,71,51,50,62,60,53,72
758,4,3,5,7,2,6,8
759,69,50,62,61,72,54
760,5,6,7,4,2,1
761,37,48,46,41,40
762,64,58,65,53,55,61
763,43,38,37,36,40,44,33
764,38,35,34
765,62,49,72,67,65,61,70
766,21,29,22,32,24
767,38,33,34,42
768,4,2,7,8,6
769,71,65,51,61,50
770,76,80,77,73
771,12,11,9,10,15
772,32,29,19,27,17,25
773,50,68,65,49
774,62,49,68,72,53,57
775,43,33,40,45,36
776,42,37,46,41,40
777,68,51,57,53,56,54,59
778,4,6,7,8
779,46,42,37
780,31,26,24
781,79,78,75,80,74,77
782,40,46,34,43,36,38,44
783,17,21,24,32,26
784,19,28,20,32
785,73,79,77,78
786,11,13,16
787,78,75,79,74
788,61,71,54,63,67
789,36,35,40,45,46
790,73,79,77,78,75,80,76
791,73,76,80,79,75
792,60,69,58,59,50
793,32,29,21,24
794,20,30,31,23,29
795,51,72,58,59,61
796,73,74,75,80,77,79,76
797,1,2,5,7,3,4,8
798,36,40,41,47,38
799,22,19,28
800,48,41,45,42,44
801,46,42,45
802,69,54,52,58,72,63,65
803,80,79,77
804,70,68,50
805,75,79,77,80,78,76,73
806,70,66,58
807,47,43,39,37,45,46
808,13,16,9,12,10,11,15
809,32,18,28,23,20,17,25
810,46,42,38,43
811,26,18,22,25,32,21
812,10,13,9,16,14
813,64,68,56,50,65
814,70,58,65,53,59,61,56
815,70,49,53,52,67,55
816,14,16,12,15,11
817,23,30,29,17,22,31,24
818,80,76,78,79,75,73
819,61,70,58,64,71
820,65,58,72,57
821,9,15,13,12,10,11
822,32,24,27,22
823,25,31,30,18,23,21
824,8,3,2,6,5,7,1
825,34,36,35,40,41,45,46
826,38,46,40,48,33,36,47
827,36,41,47,45,44,40,37
828,42,45,36
829,33,44,41,36,39
830,79,77,73,76,78
831,61,58,51,50,62,54,63
832,55,71,59
833,2,7,1,4,8
834,80,74,76
835,31,26,23,25,32,27,30
836,60,50,62,56,53
837,49,51,55,70
838,30,23,20
839,20,24,17,27
840,56,60,71,64,54,69,49
841,67,49,64
842,8,6,2,7,1
843,16,13,9,11,14,12
844,36,41,42,38
845,61,59,66
846,51,72,56,61,49,66
847,39,40,41
848,23,29,31,22
849,25,18,27,29
850,61,72,65,60,57,69,68
851,35,45,40,42
852,31,32,25,28,20,21,26
853,28,19,23,24,29
854,28,20,17,19,29,24,25
855,15,11,16,13
856,20,32,29,17,21,24
857,42,48,40,44,46,33,38
858,3,6,8
859,10,16,13,12,9,15,14
860,77,75,78,73,79,80,74
861,77,74,76
862,32,17,31,23,25
863,23,32,22,29,17,20,19
864,24,32,19,20
865,80,79,75,78,76,74
866,22,20,27,29,23
867,22,27,21,24,26,23,30
868,59,65,69,58
869,63,57,69
870,20,26,22,30,19
871,52,62,51,53,68,61,69
872,14,13,15,11,16,10
873,42,43,46,37
874,43,39,44,41,48
875,77,79,80,75,74
876,10,13,16,9,11
877,24,23,26,20,30,25
878,11,15,9,16,10,14
879,29,28,26,18,30,27
880,48,46,44,45,33
881,51,72,67,66,68,54
882,26,32,29,20,27
883,64,71,55,53,52
884,57,49,62,61,51
885,53,66,57,50,62,56,58
886,53,67,51,64,56
887,12,9,14
888,51,56,54,55,53,62,61
889,42,36,33,40
890,50,64,55
891,34,38,35,44,33,47,46
892,18,20,29,27,28,23,31
893,32,18,21,30,19
894,12,15,10,11,16,14,13
895,5,8,3,1,4,7,2
896,32,29,17
897,2,3,4,5,8,7,1
898,30,27,18,29,23,21
899,54,72,55,60,56
900,39,33,38,43,47,35
901,55,49,54,71,52,67
902,8,4,3
903,24,31,30,22,21
904,49,60,63,61
905,33,48,40,34,43,46,35
906,33,45,42,48,41
907,10,11,13,9,14,16,12
908,9,16,14,11,15
909,47,43,40,45,35
910,13,12,14,11
911,23,31,24,19,32,29,27
912,44,34,41,33,38
913,51,50,67,59,68,53,52
914,24,32,21,30,22,31,27
915,38,41,36,47,33,44
916,10,14,15
917,65,58,60,50
918,42,37,40,48,41,45
919,77,79,74
920,34,37,41,45,46,44
921,68,50,56,63,64
922,32,20,31,17
923,58,55,62,72,51,71,61
924,31,18,30
925,74,80,77,78,75
926,8,5,6,2
927,36,48,45,42,47,35
928,62,60,56,63,57,65,61
929,14,10,11,9
930,35,45,38,47,34,33,37
931,1,6,5,7,2
932,80,75,73,77,74
933,72,71,61,70,51,68
934,63,66,69,57,50,68,72
935,52,65,54,49,63,71,64
936,72,63,64,66
937,27,25,17,23,18,31
938,62,49,66,68,52,61
939,51,71,49
940,2,7,3,1,8
941,47,40,42,33,45,35
942,15,14,16
943,79,75,78,74,73,80
944,44,46,48,45,38,37
945,68,64,58,66,67,69
946,53,54,66,50,62
947,17,32,29,31,22
948,68,71,57,72,53,63
949,62,57,68,50
950,52,55,63
951,60,49,58,56,54,71
952,45,46,38,44,37,47
953,44,45,46,48,37
954,66,62,72,69,65,70,53
955,34,47,44,46,43,37
956,50,61,71,59,66,55
957,21,17,31,19,29,25
958,65,50,72,57,66,62,71
959,54,53,72,65,68,64,57
960,78,73,80,74,75,76,77
961,25,17,18
962,8,5,7,1
963,72,51,63,62,70
964,66,70,62,51
965,10,14,16,9,15,13
966,51,67,64,53,69
967,49,65,69,68,54,59
968,65,53,58,66,52,68,72
969,79,78,77,73
970,36,34,41,44
971,51,72,65
972,49,64,61
973,67,71,69,63,52,70,60
974,19,32,28,23,20
975,5,4,1,6
976,52,64,66,69
977,63,66,55,72,69
978,55,56,66,61,54,71,69
979,57,52,53
980,72,57,71,56
981,16,9,11,12,13
982,21,26,31,30
983,1,8,4
984,75,73,80
985,7,3,8,1,5
986,4,7,1,6,3
987,58,60,59
988,6,8,4,1,2,7
989,53,49,54,63
990,32,20,17,28
991,41,43,37,35,39
992,27,23,20,28,31,21
993,75,77,79
994,28,29,32,27
995,11,14,12,16,13,9,10
996,52,67,70
997,9,15,12,11,10,16
998,31,26,17,21
999,55,70,64,66
1000,42,38,34,35,48,43,33
1001,10,11,13,14
1002,36,35,37,38,33,47,39
1003,22,27,19,26,18
1004,23,22,27,30,19,18
1005,63,60,53,51,64
1006,57,62,69,55,60,65,52
1007,35,46,38
1008,72,54,66,64,71
1009,52,59,66,72,63
1010,35,48,39,44,33,37,46
1011,15,16,10,14,9,12,13
1012,35,38,41,46,42,37,48
1013,59,51,70,68,61,56
1014,69,61,50,54,64,71
1015,20,24,19,25
1016,56,61,55,58,54
1017,27,31,18,32,25
1018,57,70,51
1019,23,17,28,22
1020,12,13,16,14
1021,7,6,4
1022,20,19,21,26,27,24
1023,12,10,16,15,9
1024,2,6,8,3,1,4
1025,13,9,15,10
1026,76,80,77,78,75,73,74
1027,24,32,22,18
1028,34,46,35,42
1029,62,68,67,57,59,69
1030,31,21,30,29
1031,55,61,69,57,49,63
1032,79,78,80,75,76,77
1033,44,41,47,45
1034,55,72,67,63
1035,69,71,61,53
1036,67,68,66,58,54,55
1037,17,28,20,24,32
1038,77,74,75,73
1039,52,56,54,63,65,68
1040,52,60,63,70,57,68
1041,55,71,60,52,67,70,50
1042,21,24,19,17
1043,73,77,79
1044,44,33,45,38,46,37
1045,17,31,22
1046,66,51,52,65,54,55,63
1047,18,25,22,17
1048,11,13,10,15
1049,47,38,41,34,43,40
1050,62,66,68,50,67,70,55
1051,23,31,32,27,21,17
1052,12,14,15,9,16,13
1053,10,9,16,11,12,14
1054,65,49,69,59,71,53,51
1055,31,28,20,29
1056,48,37,43,36,42
1057,2,7,4,8,1,5
1058,35,47,43,39,38,46
1059,24,17,18,21,27
1060,59,54,60,51,49
1061,40,43,45,33,36,46,35
1062,25,30,21
1063,65,68,57,54,49
1064,55,59,52,62,57,53
1065,18,20,19,29,24
1066,38,41,37,36,39,33
1067,34,46,35,40,48,42
1068,3,1,5
1069,19,24,25,27,30
1070,45,42,35
1071,8,6,1,7,4,2
1072,50,52,49,71,72
1073,47,45,43
1074,42,41,44
1075,34,47,46
1076,6,4,8,3,1,5,2
1077,58,62,64,53
1078,36,37,40,38,48
1079,48,39,33
1080,25,29,24,21
1081,60,68,51,71,65
1082,63,69,60,58,66,52
1083,19,26,25,24,29
1084,40,34,37,35,36,48,47
1085,31,22,25,27
1086,9,14,10,11
1087,71,50,54,61,52,49
1088,24,17,21,28
1089,26,24,17,20,25
1090,34,41,43,35,37
1091,16,12,13,9,14,11
1092,14,9,16,10
1093,73,78,77,74
1094,9,11,16,13,15
1095,70,57,61,58
1096,61,60,70,58,65
1097,17,22,32,23
1098,78,73,79,75,80
1099,53,50,51,66,70,62
1100,78,80,75,79,76
1101,23,19,30,18
1102,54,59,72,67,57
1103,33,38,39,47
1104,21,19,23,28,27,30
1105,5,8,4,6
1106,67,54,70,65
1107,72,69,59,63,70
1108,37,41,43,34
1109,32,22,28,31,29,20
1110,68,56,69,49
1111,75,78,74,80,73,77
1112,35,46,47,45,42,36,34
1113,36,48,39
1114,37,43,35,39,41,47,48
1115,39,47,42
1116,20,26,17,27,21,18,32
1117,69,66,58
1118,52,70,69,50
1119,19,26,22,31,20,29
1120,31,21,29,23,22
1121,67,63,69,60,49,59,54
1122,2,1,4,8,5
1123,49,50,61,56
1124,1,5,2,7
1125,5,8,3,7,1,2
1126,12,13,16
1127,74,78,80,79
1128,43,42,47
1129,39,44,34
1130,45,42,37,36
1131,10,16,14,9
1132,58,51,68
1133,38,47,35,33,48,40,37
1134,33,37,38
1135,56,49,50,67,58
1136,45,33,43,46
1137,38,43,48
1138,8,5,6,2,7
1139,76,78,77,79,75,80,73
1140,50,71,66,67,51
1141,44,39,36,47,41
1142,73,76,80,74,75
1143,58,52,65,57
1144,31,21,22,27,32
1145,33,40,46,35,42
1146,42,38,36,34,47,33
1147,49,68,61,50,67
1148,17,31,25
1149,39,44,36,41,37,46,40
1150,48,34,46
1151,30,32,19,21,31,22
1152,77,78,74,79,73,76
1153,43,44,48,40,34
1154,45,42,46
1155,63,67,51,58
1156,57,59,54
1157,49,68,57,58,70,53
1158,4,2,8,7,5,6
1159,23,18,32
1160,32,18,21,23
1161,29,26,23,19,31
1162,75,76,73,74,79,80
1163,39,41,48
1164,22,26,20
1165,11,14,9
1166,18,22,25,24,19,27
1167,45,47,37,34
1168,19,23,18,30,27
1169,17,18,23,32,30
1170,25,22,29,26,31,24,18
1171,12,13,11,15,16
1172,10,13,15
1173,22,19,20,28,23,25,24
1174,41,45,44,46
1175,6,1,3,5,4
1176,75,79,74,80,73,76
1177,29,18,26,23,21,32
1178,68,58,54,66,57,52
1179,75,73,76,79,74
1180,16,15,13,12
1181,57,53,55,66,60,58
1182,26,18,31,22
1183,7,5,3,2
1184,30,17,32,28
1185,44,45,38,39,37,47
1186,32,30,26,20,24,29,28
1187,55,70,64,60,69,65,57
1188,41,38,42,33,37,47
1189,69,67,61,53,60,72,63
1190,13,15,12,10,16,11,9
1191,65,56,53,52,68,69
1192,15,9,14,16
1193,80,73,75,79
1194,52,65,70,59,51,68,50
1195,75,76,74,79
1196,49,70,55,66,65,52
1197,9,15,16
1198,27,25,21,18,31,23
1199,76,80,75,77,74,79,78
1200,6,5,4
1201,56,58,65,49,53,63,72
1202,17,22,23
1203,26,17,24,27,20,31
1204,26,25,30,29,23,24,19
1205,75,78,77,73,76,74
1206,31,26,19,25,29
1207,60,69,62
1208,5,3,6,8,7
1209,77,74,78,79,75
1210,1,3,7
1211,52,54,49
1212,21,20,25,22,24,30,19
1213,64,71,57,50
1214,72,50,56,63,53
1215,75,77,79
1216,80,75,74,73,79,78
1217,68,55,56
1218,50,52,51,65,70,56
1219,11,15,14,13,12,16,9
1220,31,28,18,29,20,17,24
1221,40,45,48,43
1222,53,54,60,59,61,71
1223,12,13,9,10,11,15,14
1224,38,35,42,36,37
1225,70,59,65,60,69,66
1226,17,26,32,20
1227,50,63,60,65,66,68
1228,46,40,43,44,42,36,41
1229,60,66,70
1230,71,69,52,53,65
1231,19,27,30,31
1232,39,43,36,46,33,44,47
1233,35,33,39,40,42,34
1234,29,31,32,21,18
1235,53,51,55,60
1236,28,32,20,25,23
1237,46,36,37,47,41,40
1238,38,47,40,42
1239,34,40,41
1240,46,41,42,39,33
1241,19,31,30,27,21,18,29
1242,55,68,65,63,56,59,67
1243,59,51,61,67,70,57,50
1244,16,11,15,13,9
1245,26,29,23,18,32,20
1246,3,1,6,5
1247,64,56,61,69
1248,68,56,72,71,54,50,65
1249,28,30,18
1250,42,33,40,47,41,38
1251,57,56,59,62,65,50,63
1252,22,28,29,25
1253,22,17,24
1254,3,4,7,6,1,8
1255,76,78,73
1256,42,36,41,48,44,37
1257,23,30,20,32
1258,29,19,21,31,28
1259,36,43,33,47,45,34
1260,24,26,20,31
1261,50,60,65
1262,54,66,55,72
1263,6,4,2
1264,16,9,11,14,12,15
1265,72,61,58
1266,36,40,48
1267,22,24,23,29,27
1268,75,78,73,80,76
1269,9,15,11,16,13
1270,78,73,80,76,77,79,75
1271,36,34,48,40,43,41
1272,5,6,1,4,7
1273,26,27,20
1274,33,45,48,42
1275,58,52,66,61
1276,6,1,7
1277,37,41,34
1278,69,72,58,67,66,68,60
1279,60,71,57,64,70
1280,51,69,70,63,59,53,55
1281,13,12,15,16,11,14
1282,5,2,6,3
1283,16,10,14
1284,3,4,5,7
1285,10,11,9
1286,4,3,6,5,7,8
1287,22,23,25,20,26,19
1288,17,31,32
1289,19,18,21,20
1290,2,6,5
1291,43,37,40,48
1292,28,17,18,23,32,19
1293,41,46,47,38,42,45
1294,56,72,59,64,62
1295,33,37,44,43,36,48
1296,20,31,24
1297,52,69,63
1298,34,45,41
1299,37,42,46
1300,61,56,50,54,57,68
1301,23,29,18,26,17,32,21
1302,79,76,80
1303,14,10,16,15,13,9,11
1304,5,4,3,1,8
1305,73,80,77,74
1306,80,79,75,77,74,78,76
1307,49,63,54,67
1308,50,67,57,54
1309,60,64,67,69,59
1310,62,51,72,60,69,49,71
1311,21,20,25,28,22,27
1312,46,43,42
1313,6,2,7
1314,35,36,43,45,46,44
1315,11,16,14,10,12
1316,1,8,4,6,5,2,3
1317,23,18,21,26,17
1318,20,23,19,30,26,18,32
1319,73,75,78,80,74,77,76
1320,44,33,41,46,45,42,35
1321,45,46,36
1322,10,9,12,13,16,14
1323,8,5,4,1,2,7,6
1324,17,25,24,18,19,32,20
1325,16,14,15,11,9
1326,18,23,25,30,20,31,19
1327,78,77,76
1328,62,56,70,57,52,65,71
1329,19,17,32,31
1330,50,59,51,66,63,52
1331,56,52,71
1332,60,58,63,52,50,61
1333,70,65,61,58
1334,65,64,49,51
1335,17,20,29,19
1336,73,74,76,78,80
1337,65,55,49
1338,5,6,7,1,3
1339,43,36,41
1340,7,8,1,5,3,6,4
1341,27,29,20,30,32,26,18
1342,3,7,4,2
1343,43,41,46
1344,56,55,68,54,57,65
1345,76,80,75,78,74,77
1346,39,44,46,36
1347,14,15,12,10,13
1348,62,53,61,52,56,68
1349,57,50,63,53,62
1350,69,53,72,62,71,55
1351,62,51,63,61,66
1352,58,71,51,69
1353,68,54,50,62,61
1354,71,72,63
1355,5,8,6,7
1356,44,42,34,39
1357,79,75,76,80
1358,54,71,68,49
1359,48,45,43
1360,20,32,25,24,18,23,19
1361,3,6,7
1362,12,11,9,10,15,13
1363,59,72,56,52,68
1364,80,76,73,77,78,74
1365,59,54,51,65,66,68,49
1366,35,40,33,39,34,48
1367,35,33,38
1368,63,68,65,64
1369,52,55,58
1370,73,75,78,74,80,79
1371,27,25,21,31
1372,18,17,24,30,27,22
1373,54,58,50
1374,49,53,70,51
1375,29,23,18
1376,59,55,51
1377,27,20,31,32,24,18,26
1378,31,25,29,18,30,21
1379,43,39,41,34
1380,47,40,39,33,43,46
1381,66,59,54,49,61,65,62
1382,77,74,79,75
1383,39,43,40,33,38,47,35
1384,27,18,19,31,30
1385,77,80,73,79,76,74
1386,54,70,64,62,68,58,61
1387,48,44,41,39,42
1388,40,43,38,37,46
1389,36,43,33,38,37,42
1390,68,72,65
1391,16,10,11,15,13,9
1392,13,10,9,12,11
1393,66,55,54,61,57,49
1394,34,45,35,37,43,33,46
1395,30,18,28,31,17,21,27
1396,54,57,71,49
1397,22,24,25,21
1398,62,54,71,51,58
1399,44,46,40
1400,1,5,8,7,6,4
1401,64,53,69,67,59,66,71
1402,52,67,71,56,55
1403,80,76,73,79,77,75,74
1404,5,2,3
1405,78,79,76,80,75,73
1406,67,70,61,51,52,65
1407,42,41,35,37,36,39
1408,6,2,7,8
1409,21,27,29
1410,13,10,11
1411,21,19,17
1412,40,47,43,34,46,44,41
1413,22,31,29,24,23
1414,48,43,39,45
1415,75,74,80,79,73,76
1416,59,52,57,56,51,64,49
1417,6,5,7
1418,28,30,23,22,21
1419,14,16,11,13,12,10
1420,27,30,24
1421,52,59,50,68,54,61
1422,45,44,38,34,40
1423,30,17,25,19,24
1424,43,40,34,37
1425,53,56,60,72
1426,19,25,32,18,17,23
1427,18,31,27,21
1428,56,66,50,70,54,72
1429,67,69,63
1430,51,68,71,60,70,56
1431,20,17,26,24
1432,54,60,57,49,70
1433,28,26,27,30,17
1434,45,41,47,39,33,43,35
1435,24,31,30,23,20,19
1436,31,22,32,26,21
1437,66,70,63,58,67,49,54
1438,40,46,34,48,41,42
1439,25,18,24,26,27,23
1440,66,72,60
1441,74,80,73,79
1442,19,25,22,26,29
1443,28,26,31,22,27,23,24
1444,4,5,8,6,7,3
1445,57,66,59,56,49
1446,6,4,3,2
1447,77,76,75
1448,18,27,30,28
1449,64,52,67
1450,80,75,74
1451,2,7,3,4
1452,80,76,79,75,73,74
1453,15,16,11,12,14
1454,19,31,23,20,21,30
1455,77,73,80
1456,37,36,41,42,39
1457,49,54,65,71
1458,30,18,17,29,24,26
1459,8,5,2
1460,51,52,50,67,58,69,55
1461,12,15,11,10
1462,36,42,43,34,41,35,47
1463,68,49,62
1464,17,30,24,22
1465,65,69,60,67,68,56
1466,42,44,34,46,36
1467,11,9,12,13,10,14,15
1468,18,19,17,31,32,28,22
1469,25,24,20
1470,70,59,51,60
1471,40,37,42,34,38,47,39
1472,44,34,33,35,37,46
1473,1,6,4,7,3,5
1474,48,40,47,35,42
1475,45,33,36
1476,23,26,24
1477,77,79,80,75,73
1478,38,36,34
1479,40,33,43,41,38,45,35
1480,59,69,55,60,53,72
1481,71,70,54,55,61,51,58
1482,74,77,79,78
1483,63,58,70,49,66,68,59
1484,11,15,13,14,12,10
1485,39,35,37,43,47
1486,29,19,26,27,24,22
1487,14,11,12,15
1488,65,72,61,68,60,54
1489,79,77,73,76,78,74
1490,75,79,80,74,76,78,73
1491,11,9,16,14,13,12
1492,66,52,61
1493,16,9,10,14,11,13,12
1494,22,30,27,23,21
1495,42,36,46,45
1496,54,71,60,57,62
1497,64,71,62,60,67,59
1498,31,24,17,25,18,27,26
1499,36,33,37
1500,5,1,6,3,4,7
1501,53,54,67
1502,46,43,44,34
1503,35,44,48
1504,22,27,26,17
1505,8,2,6,4
1506,55,62,59
1507,41,46,47,33,40,34,36
1508,36,45,35,34,44
1509,12,13,14
1510,19,18,21,30,26,24
1511,29,21,18,25,22,27,31
1512,44,36,34,47,45,33,43
1513,31,23,17,26
1514,73,76,78,75
1515,29,23,22,32,28
1516,44,46,34,48,38,36
1517,17,30,24,20,23,22
1518,40,41,36,48,38
1519,24,29,28,19,17,30,18
1520,7,3,2,4,8
1521,38,33,43,47,34
1522,3,1,4,7,6,8
1523,75,76,73,77
1524,6,2,1,5,4
1525,49,50,69
1526,44,43,38,37,36
1527,77,76,79,75,80,73,74
1528,54,57,63,55,60,69,49
1529,6,1,7,8,3
1530,68,59,57
1531,5,8,6,4,7,3,1
1532,37,48,42,45,40,39
1533,73,78,76
1534,51,65,55,67
1535,50,49,68
1536,36,42,40,43,38
1537,29,24,26,18
1538,2,7,8,6,5,3
1539,13,10,15,16,14
1540,19,24,28
1541,61,55,60,56,62,71
1542,17,27,28,23
1543,13,14,12,11,15,9,16
1544,45,36,43,39
1545,32,27,17
1546,6,8,4,7,5,1
1547,69,51,52,58,54,65,56
1548,38,35,34,37
1549,58,52,56
1550,52,69,72,64,70,57
1551,3,8,6,1,2,7,4
1552,56,55,71,63,70,62,65
1553,28,27,22,32,18
1554,35,39,34
1555,6,3,1
1556,20,29,27,23,26,22,19
1557,49,69,59,71,55,68
1558,50,53,49,69,71,54
1559,14,9,16,12,15,11
1560,49,55,61,66
1561,3,4,6,7,1,5
1562,3,2,1,7,4
1563,54,66,60,72,55
1564,10,9,15
1565,46,40,38,41
1566,30,17,25,22,20,28,24
1567,59,55,50,71
1568,78,79,73,75,76,77,80
1569,57,62,59,51
1570,2,6,4,5,3,7
1571,52,59,68,54,50,51,65
1572,57,50,69,49,54,61
1573,1,2,4,3,7,5,8
1574,23,22,25,31,24
1575,40,39,34,45
1576,35,44,37,46,42,45,43
1577,67,58,72,63,61,69,52
1578,62,53,66,52,60,72,59
1579,7,2,1,3,8,5
1580,68,55,69,64
1581,57,65,49,56
1582,26,24,21,30,22,17
1583,6,5,8,7,2,1,4
1584,52,70,54,62
1585,46,36,42,39,40,33,43
1586,61,50,62,53,56,63,55
1587,46,36,42,48,35,45
1588,39,36,46,33
1589,50,53,56,51,68,69,61
1590,17,27,25
1591,74,73,79,76,75,77
1592,3,8,6,7,5,1
1593,19,27,18,31,20
1594,74,75,78,79
1595,71,59,69
1596,59,71,65
1597,77,80,76,79,74
1598,31,24,30,29
1599,29,25,32,30,19,26
1600,70,65,50,66,49,54,68
1601,45,34,39,42,36,35,47
1602,62,52,68,60,59,67,63
1603,50,52,63,59,65,55,56
1604,34,37,35,33,41
1605,34,40,36
1606,6,4,7,3,2,5,1
1607,33,34,35,47,39
1608,70,67,69,72,60,56
1609,20,23,25
1610,75,76,73,80,79,77
1611,70,52,64
1612,10,16,15,14,12,9
1613,37,36,34,48,40,33,41
1614,12,10,15,16,11,14
1615,26,27,25,28,31,32
1616,1,5,3,4,8
1617,12,15,16,11
1618,69,61,57
1619,46,47,33
1620,12,11,10
1621,47,43,40,37,36
1622,68,66,57,60,50,54
1623,9,15,16,11,14,12,10
1624,30,21,28,18,17,29
1625,41,42,38,43,48,44,46
1626,75,80,79,74,78
1627,80,73,75
1628,17,28,22,20,31,25,27
1629,16,14,10,13,11
1630,27,17,26,28,25
1631,73,78,74
1632,66,70,61
1633,69,49,70,71,61,63
1634,52,72,56,54,53,59,68
1635,78,77,76,73,79,75
1636,37,39,48,36,45,44
1637,20,21,30,25
1638,48,46,40,43
1639,46,35,42,44,47,37,34
1640,63,65,61,66,53,59,56
1641,7,3,8,1
1642,61,56,66,59
1643,78,74,73,75,79,77
1644,38,34,44,45
1645,13,14,16,9,11
1646,71,67,50,51,65,63
1647,37,48,35,41,40,39
1648,57,55,67
1649,71,56,66,70,53
1650,77,75,76,78
1651,47,48,44,38
1652,54,55,59,56
1653,16,10,13,14,15,11
1654,63,64,70,49,60,54
1655,44,48,36,35
1656,34,45,44,46,36
1657,38,42,43,35,36
1658,29,20,21,18,32,23,27
1659,35,45,42,37,33,43,41
1660,44,48,45
1661,38,40,35,45,41
1662,42,44,37,39,35
1663,5,6,2,4,7,3,8
1664,66,55,63,60,58,68
1665,5,3,8,6,1,2
1666,37,35,44
1667,20,28,27
1668,23,25,28,27,22
1669,35,48,43,44,42,46,39
1670,5,4,8
1671,77,78,76,73,75,74,79
1672,43,44,46,47
1673,59,55,72
1674,41,44,45,48,40
1675,21,22,30
1676,29,25,27,21
1677,74,77,78,73,80,79,76
1678,43,34,47,39,40,37,45
1679,65,68,56,49,58
1680,13,12,15,9,14,10
1681,20,30,23,31
1682,17,30,28,26,18
1683,4,1,6,8
1684,56,70,49,59,64,67
1685,53,51,70,52,58
1686,42,45,43
1687,2,3,1,8,5,4
1688,54,67,60,71,51,65
1689,8,6,4,3,2
1690,51,55,65,61,56
1691,7,5,3,2,1,4,8
1692,60,68,55,63
1693,75,73,77
1694,26,30,27,20,28
1695,42,47,34
1696,24,18,21,29,19,26
1697,51,57,56,50,69
1698,69,63,49,66,65
1699,33,47,43,45,48,38
1700,76,77,79,75,73
1701,17,26,28,18,25,29
1702,43,39,33,42,36
1703,39,35,47,36
1704,50,67,54,56,64,53
1705,54,53,59,55,52
1706,4,5,6,3
1707,40,39,34,46,43,38
1708,79,80,78,73
1709,48,43,45,35,34
1710,9,10,13
1711,6,2,1,4,5
1712,62,59,65,72
1713,27,22,23
1714,26,24,19
1715,21,30,25,29,31,27
1716,68,55,56
1717,41,33,45,47
1718,24,22,28,29,31,17,18
1719,12,10,13,16,14,9,11
1720,22,19,26,30,28,25,21
1721,23,20,29,21,30,18,27
1722,50,57,61,56,53,55
1723,25,20,27,32
1724,21,18,32,19,25
1725,66,64,63
1726,69,65,58,54,71
1727,15,16,14
1728,43,37,34,42,48,36,47
1729,31,17,28,19,29,32
1730,80,78,76,77
1731,39,37,36
1732,3,6,7,2,8,1,4
1733,18,21,20,26
1734,2,7,3
1735,17,30,24,31,27,28
1736,75,77,74,80,78
1737,53,61,72,63,57,52
1738,6,5,4,2,1,8
1739,29,23,25
1740,38,35,47,45
1741,65,69,51
1742,53,66,70,72,67
1743,48,34,47,43
1744,10,9,15
1745,48,38,46,42
1746,48,40,34,33,44
1747,39,40,36,47,43,42,41
1748,1,4,5,3,6,7
1749,60,57,72
1750,32,20,31
1751,12,11,10,14,13,16
1752,47,42,37,45,46,35
1753,79,74,77,75,76,78
1754,30,20,29
1755,34,41,38,46,44,40,42
1756,11,16,14,9,13
1757,72,52,71,63,64,62,65
1758,76,78,77
1759,22,24,28,18,27,31,29
1760,45,37,36,39,44,41
1761,44,38,47,35
1762,78,80,77,75,79
1763,71,54,53,67,61
1764,19,17,24
1765,64,49,69,65
1766,34,47,38,33,43,37
1767,26,19,21,23,27
1768,43,48,45
1769,5,2,8,3,4,7
1770,42,45,43
1771,64,69,60,66
1772,76,73,74,75,77
1773,33,41,36
1774,12,10,9
1775,41,35,45,33,47,38,46
1776,26,32,30,31,19,20,29
1777,56,52,64,50,68,71
1778,42,45,37,43,35
1779,17,24,29,18,31,27,25
1780,11,9,14,16,13,12,15
1781,41,43,33,36,44,45,39
1782,76,78,73,77,79,74
1783,80,77,73,75,74,78
1784,12,14,9,10,11,16
1785,58,53,49,66,54
1786,7,8,5
1787,48,44,39,34,46,45
1788,58,57,51,56,52,55,63
1789,18,32,29,27,22
1790,60,59,70
1791,17,32,29,25,22,23
1792,68,51,69
1793,8,5,7,3
1794,65,57,51,60,49,52,59
1795,69,63,62,65
1796,6,1,3
1797,31,28,26
1798,10,13,15,11,9,16
1799,69,54,57,55,49
1800,50,59,52,69,54
1801,52,51,62,50,69
1802,49,67,61,54,69
1803,11,9,13,16,12,14
1804,6,7,8
1805,54,62,53,64,61,56
1806,56,53,50,58,49,69
1807,16,15,13,9,11,10,14
1808,29,28,27,30
1809,16,11,9,12,15
1810,70,56,65,52,62,69,63
1811,14,16,11,13,9,12,10
1812,51,55,66,53,54,70,65
1813,48,37,34,41,38,33
1814,70,62,65,61,57,67,54
1815,64,61,67,51,71,59,50
1816,14,11,13,9,16,15,12
1817,60,52,50,55
1818,2,5,7,3
1819,53,50,60,68
1820,31,27,20,19,26
1821,49,69,60,68,67,66
1822,28,20,22,32,26
1823,71,64,70,51,72,66
1824,75,77,73,76,74,79,80
1825,39,44,46,33,42
1826,56,67,55
1827,48,39,33,46,35,47,36
1828,33,38,36,46
1829,1,5,3,2,7
1830,4,1,5,6,8,3,2
1831,23,28,31
1832,20,27,29,21,18,26,19
1833,80,75,74,76,79,77
1834,41,46,39
1835,22,17,20,26,19
1836,27,19,22,29,23
1837,39,33,41,34,38,44
1838,28,20,18,23,32,26,27
1839,8,5,7,6
1840,34,43,36
1841,62,66,52,61,67,65
1842,64,58,55,65,66
1843,16,12,15
1844,57,69,72
1845,55,59,51,58,66,53
1846,14,15,9,13,12
1847,36,40,33
1848,30,17,22
1849,50,53,67
1850,27,28,17,24,29,22,23
1851,36,44,43,45
1852,18,22,21,29,30,31,26
1853,60,72,64,58,54,70
1854,19,28,24,27
1855,32,31,28,29,18,27,30
1856,25,24,21,31,30
1857,70,72,55
1858,37,43,34,42
1859,35,47,41,42,45
1860,32,24,17,19,25,20
1861,59,71,49,51,68,63
1862,15,11,13,16,10
1863,55,71,52,66,61,56,65
1864,48,36,43,42,39,38
1865,68,72,70,66,57,67
1866,34,40,47,44,36,43
1867,11,16,13,9,14,12
1868,67,68,55,53
1869,18,22,27,21,24,25
1870,75,73,80,77,78
1871,58,59,65,54,61
1872,41,43,40
1873,41,35,47,42,37
1874,6,1,8,7,2
1875,31,22,26
1876,53,63,52,49,58,69
1877,60,53,49,59,55,62,56
1878,24,22,31
1879,47,39,45,44
1880,25,28,20,17,21,30,19
1881,60,55,58,61,69,66,57
1882,4,5,8,3,2,6
1883,71,52,66,51
1884,5,6,1,3,7
1885,40,34,42
1886,33,48,37,39
1887,69,56,63,59
1888,32,20,27
1889,79,78,74,73,80,77,75
1890,6,7,1,5
1891,51,62,64,68,57,55
1892,61,64,62,55,50
1893,35,44,34,40,37,39,42
1894,72,62,51,67,53,64
1895,40,41,42,45,38,43
1896,20,32,25,24,31,28
1897,9,12,13,11,10
1898,78,74,77,73
1899,45,48,44,39,33,37,35
1900,42,46,48,38,33,40,47
1901,45,48,43,44,37,46,34
1902,54,53,50,58,51
1903,44,47,48,36
1904,79,76,78,74,73,80,75
1905,44,48,39
1906,29,20,19,30,25
1907,74,80,75,77,78
1908,20,17,24,26
1909,7,4,2,5,6
1910,40,47,44,42
1911,77,75,80,74
1912,68,64,56,51
1913,62,69,57,68,67,56,49
1914,72,69,64,50,51,52
1915,38,40,34,41,35
1916,49,53,61
1917,43,35,34,42,36
1918,56,57,49,58
1919,40,46,39,44,43
1920,41,48,37
1921,30,19,20,27
1922,65,71,52
1923,23,20,26,17,25,24,19
1924,12,9,16,14,15,10,13
1925,30,21,24,32,18,28
1926,14,11,16,13
1927,61,57,55,66,56
1928,52,71,66,60,62,49
1929,1,6,5,4,7,3
1930,46,33,42,39,47,37
1931,21,17,18,24
1932,44,42,40,33
1933,1,8,6,5
1934,57,51,54,65,64,71
1935,62,49,64,68
1936,48,43,36,39,42
1937,67,55,69,59,66
1938,19,29,26
1939,70,67,69,50
1940,47,44,34,40,45
1941,50,49,58,60,57
1942,21,27,19
1943,58,69,53
1944,68,50,64,59,61,51
1945,74,75,80,77,76
1946,10,16,14
1947,59,54,67,72
1948,73,80,79
1949,59,63,56,61,70
1950,47,44,35,46,36,40
1951,77,75,74,73,76
1952,42,36,37,38,40,48
1953,44,38,43,46
1954,72,56,52,66,53
1955,68,55,69,51,57,63,72
1956,45,36,35,42
1957,45,35,40,43,38,34,44
1958,16,9,15,14,13,11
1959,77,75,74,80,79,76
1960,28,21,22,26,30
1961,53,56,63,66,70
1962,12,15,10,13,16,9
1963,31,27,25,32,20,21,18
1964,38,42,40
1965,47,44,39,42
1966,3,8,5,7,4,1,6
1967,43,41,44
1968,42,37,33,36,47,41,46
1969,70,65,71
1970,38,34,42,33,46,35,45
1971,12,11,10,9,15
1972,75,80,78
1973,25,30,19,28,27,26,24
1974,58,64,67,49,70,57,56
1975,46,41,45,33,35
1976,72,59,69
1977,79,78,77,80
1978,47,39,44,41
1979,44,43,40
1980,28,25,18,21
1981,70,54,72,57,49,51
1982,26,20,22,21,30,29
1983,20,21,17,32
1984,9,12,10,15
1985,53,61,64,66
1986,76,77,75,78,74,79
1987,29,22,32
1988,46,47,45,43
1989,22,26,32
1990,30,23,25
1991,56,67,71,52
1992,52,57,60,70,69,65
1993,44,41,46,42
1994,15,9,14
1995,6,1,2,5,4,3
1996,68,72,50
1997,26,22,30,32
1998,31,27,29,21,23
1999,65,66,71
2000,1,5,3
2001,2,3,4,6,5,8
2002,64,60,69,50,65
2003,57,71,62,52,65,59,56
2004,48,34,35,46
2005,73,76,78,74
2006,25,20,19,27,30,21,28
2007,6,5,4,8,3,1,7
2008,12,9,16,11,10
2009,57,67,60
2010,23,30,29,27,26
2011,39,36,42,37,43,34,41
2012,64,69,59,66,71,67
2013,72,52,60
2014,67,55,49,58,72,70,71
2015,36,45,43,39,41,34,48
2016,56,55,52,61,57
2017,40,46,42
2018,6,7,2,5,8,1,4
2019,40,48,37,34
2020,27,22,24,26,30,20
2021,5,1,4,6
2022,31,17,25,29,27
2023,27,31,29,28
2024,77,79,76,75,74,78
2025,3,6,5
2026,66,53,70,54,51,52,71
2027,20,32,25
2028,41,46,37,47,43
2029,3,6,1,5,2,4
2030,76,75,77,79,73
2031,47,39,33,35,44
2032,32,18,23,25,26,29
2033,66,51,69
2034,35,45,33
2035,12,10,13,16,9,11,14
2036,2,7,3,5
2037,43,38,48,46,45,41,34
2038,59,55,53,65,66,49
2039,62,50,70
2040,41,43,35,39
2041,65,55,63,61
2042,70,67,69,68,64,59,66
2043,74,78,76,73
2044,30,20,17,23,21,25,19
2045,19,23,18,29,30,22,28
2046,68,69,65,51,59
2047,14,13,10,12
2048,15,12,11
2049,10,16,14
2050,41,48,39,33,42
2051,33,45,44,37,39
2052,28,32,20,25,21
2053,55,72,69,50,56
2054,6,5,4,8
2055,50,60,49,52,64
2056,56,54,60,53,71,52
2057,73,77,75
2058,38,47,44,40,39
2059,47,35,42,48,41
2060,2,7,3,6,4
2061,58,60,54,69,59,50,72
2062,30,20,18,22,24
2063,69,50,55
2064,36,43,44,41,35,46,38
2065,35,43,37,41,42
2066,21,32,19,26,23,27,17
2067,56,68,72,49,67,51
2068,57,63,53,72,62
2069,7,5,3,1,2,4,6
2070,78,76,75
2071,1,3,5,2,4
2072,12,14,13,10
2073,47,33,35,37,34
2074,9,10,11,13,14,12
2075,51,54,57,50,56,66
2076,63,53,69,50,66
2077,28,17,29,23,18,24
2078,10,16,15,14,13,11,9
2079,71,65,57,54,51,69,49
2080,6,8,4,7,1,2
2081,57,54,68,61,71
2082,35,41,48,43,34,47,33
2083,41,44,48
2084,37,48,42,33
2085,6,3,5,7,8,1,4
2086,71,72,56,63
2087,34,38,40,37,42
2088,42,47,43,37,45
2089,7,5,4
2090,59,62,50
2091,47,39,48,38,37,40
2092,76,80,79
2093,56,61,53,68,65
2094,77,78,76,75,79,80
2095,80,77,78,79,73,75,76
2096,38,39,40,37,42,47,33
2097,7,3,4
2098,30,23,24,29,32,31,17
2099,28,29,18,31,26
2100,13,10,14,15
2101,22,28,24,20,18
2102,37,48,40,42
2103,45,43,40,46,38,37,34
2104,17,30,28,29,32,23,21
2105,20,17,31,21,25,24,27
2106,49,54,53,72
2107,29,31,22,18,17,25
2108,5,4,6,8
2109,12,15,9,10,11,16,13
2110,51,67,72,52,60
2111,22,23,25,20,30,32
2112,44,42,37,39,48,38,45
2113,26,28,18,30,23,32
2114,49,69,64,71,50
2115,16,11,12
2116,67,61,63,72
2117,4,5,3,2
2118,28,31,17,20,19
2119,2,8,4,5
2120,79,80,77
2121,79,75,76,78,73,74,80
2122,15,13,14
2123,67,50,53,68
2124,67,52,59,66,65,72,55
2125,14,16,9,15,11
2126,38,37,47,48,44,43,39
2127,33,43,42,47,35,44
2128,60,66,58
2129,34,35,38,47,41
2130,52,65,56
2131,58,57,50,66
2132,2,5,7,8,1
2133,21,26,23
2134,19,18,28,30,32,23,22
2135,32,27,30,17,22,19,20
2136,42,41,35
2137,75,79,74,76,78
2138,57,66,67
2139,39,42,43,48,34,38
2140,20,29,27,23,28
2141,66,60,64,57,54,62,69
2142,10,9,13,14,12,11
2143,30,20,23,19
2144,15,16,9,10,14,12
2145,17,23,25
2146,78,74,76,77,79,80,75
2147,9,16,14,13,11,10
2148,63,52,60
2149,41,35,34,42,40,39
2150,61,51,65,59,50,55
2151,2,1,4,5,7,6
2152,6,5,2,8,7,3
2153,54,50,49
2154,58,49,54,61,71,68
2155,53,71,56,66,58
2156,68,57,52,55,54,66,64
2157,17,21,29,22,18,30
2158,46,43,34,39,36,42,35
2159,54,70,63
2160,41,44,45,36,33
2161,17,20,31,22,19,21,26
2162,40,46,33,47,45
2163,47,40,43
2164,79,74,77,75,78,80
2165,6,7,1,2,3,8
2166,58,68,66,59
2167,67,57,62,50,65,55,53
2168,21,26,20,32,18
2169,77,75,76,78,79,80,73
2170,69,67,60,71,57
2171,67,59,62
2172,41,42,46,48,34,45
2173,21,24,17,32,22,25
2174,7,6,5,4,8,3,1
2175,6,5,2,3,7
2176,44,42,36,34
2177,36,37,44
2178,9,10,11,13
2179,34,46,45,33
2180,67,60,61,62
2181,73,78,79
2182,68,49,70,60
2183,74,79,77
2184,6,8,5,3,7
2185,41,39,46
2186,18,22,28,26,29
2187,46,39,43
2188,68,64,65,49
2189,7,2,8
2190,7,6,5,2,8,3,1
2191,22,21,25,26,31,32
2192,34,35,48,41,37,40
2193,77,74,73
2194,58,64,61
2195,52,60,66
2196,34,36,46
2197,78,80,77,74,79
2198,80,78,75,77,73,74,76
2199,43,38,35,33
2200,66,60,58,56,64,65,50
2201,63,60,49,68,58,52
2202,6,7,1,4,2,3,5
2203,5,1,3
2204,49,51,64,56,71
2205,19,21,29,22,32
2206,3,2,1,8,7
2207,37,48,46,35,36
2208,31,24,29,26,28
2209,19,32,17,20,30
2210,37,38,46,45
2211,36,37,46,35,43,44
2212,54,56,52,70
2213,71,64,52
2214,44,38,36,37,43
2215,50,65,60,59,70
2216,9,12,14,13,15
2217,74,77,76,75,73,78
2218,68,56,66,60,58,59,65
2219,67,56,66,70,61,58
2220,19,23,27,32,20,28,17
2221,77,76,80
2222,26,18,19,29,25,27
2223,10,16,12,11,13,15
2224,15,14,10,13,16,11,12
2225,19,20,17,31,22
2226,60,64,52
2227,36,39,37,47,46
2228,55,70,56,51,52,69
2229,56,60,57,71,65
2230,70,64,63,52,55
2231,42,44,40,41,48
2232,37,34,47
2233,72,55,63,49,58
2234,37,34,41,36,33,47
2235,64,55,69,49,58,62,72
2236,14,9,16,15
2237,39,41,45,46,35,36
2238,72,68,67,53
2239,41,33,35,36,38,47
2240,48,34,41,44,46,39
2241,73,79,75,80,78,74
2242,4,3,2,8
2243,57,56,70,60,64,52,72
2244,5,4,7,6,3
2245,18,20,26,24,29,21,30
2246,21,20,19,26,32
2247,39,41,33,48,36
2248,56,64,52,66
2249,56,62,58,69,49
2250,42,37,47,44
2251,54,70,53,63,57,56
2252,78,80,75
2253,48,45,37,33,41
2254,12,11,14,16
2255,78,76,80,75,79
2256,45,37,41,48
2257,63,54,72,60,53
2258,77,73,76,79,78,75,74
2259,40,46,43,44,39
2260,44,47,41,45
2261,50,49,69,56,52,66,68
2262,31,22,24
2263,18,22,25
2264,8,2,3
2265,20,26,30,19,25
2266,45,42,43,46,40,47
2267,51,49,65,72,63
2268,58,70,63,60,53,66,52
2269,77,76,73,74,75,80
2270,5,4,6
2271,78,77,79,76,80,73,75
2272,40,38,45
2273,74,77,73,76,78,80
2274,56,52,49,68,60,69,71
2275,34,40,33,36,47
2276,13,9,16
2277,19,26,28,21
2278,9,13,14,16,12,10,15
2279,27,17,21,25,29,30,23
2280,63,62,51
2281,52,53,63,67,59
2282,16,11,15,10,13
2283,67,53,63,65,52,62,69
2284,36,35,39
2285,75,78,76,79,74,80
2286,60,64,61,56,71
2287,72,59,66
2288,43,33,39,47,40,38
2289,52,72,49
2290,42,33,34,47,48,46,40
2291,29,17,20
2292,72,64,59,67
2293,60,72,53,57,63,67,49
2294,76,80,77,78,79,75
2295,72,66,71,65
2296,24,22,26,31,30,20,29
2297,1,8,6,4,7,3,2
2298,35,41,40,46,42,48,36
2299,14,13,15,12,10,9
2300,74,76,75,77,78
2301,66,65,50,54
2302,40,39,33
2303,32,29,25,23,20,22
2304,31,32,26,17,22
2305,49,51,59,62,68,71,53
2306,78,74,80,76,73,79,77
2307,60,71,51
2308,32,17,30,18,22
2309,36,37,35,44,48
2310,31,17,27,18,22
2311,26,30,23
2312,48,35,34,33,41
2313,19,29,28
2314,5,8,3,4,6
2315,3,1,5,6,7,2
2316,24,19,17,26,32,29
2317,7,5,1,8,3,6,2
2318,25,27,30,32,26,18,22
2319,34,45,37,41,42,47,48
2320,65,59,62,58,49
2321,42,41,46,44,33
2322,20,17,30,28,29,26,22
2323,59,62,50,65,52
2324,14,15,16,9,13,12,10
2325,41,48,34,47
2326,20,31,21,29
2327,18,28,19,31,21,25
2328,72,62,57
2329,13,10,11,16,12,9,14
2330,63,67,64,70,55
2331,61,64,54,69
2332,10,13,12
2333,71,54,52,50,60,58,56
2334,39,33,41
2335,43,46,44,38
2336,45,36,44,33,37
2337,1,8,6
2338,42,36,41,37,34,47
2339,13,14,12,16,11,15,9
2340,24,18,28
2341,12,14,16,10
2342,11,12,15,16,14,13,10
2343,70,53,63
2344,7,1,3,5,6
2345,2,8,7,3,4,6
2346,30,32,19,31,27,20,29
2347,77,75,74,73,78
2348,1,8,2,5,6,3,4
2349,57,67,60
2350,2,1,3,5
2351,56,55,65,58,69,67,52
2352,17,18,30
2353,34,47,42,36
2354,78,75,76,80,77
2355,69,56,70
2356,61,62,57,52
2357,26,17,23,28
2358,7,4,2
2359,34,39,48,47,38,35
2360,13,10,11,15,16,9,12
2361,9,12,15,13
2362,80,73,75,76,78
2363,68,58,65,57,62,64
2364,46,45,41,38,44,33
2365,27,19,31,18,23
2366,15,9,10,11
2367,47,45,46,43
2368,57,70,65
2369,23,21,19,27,29,24,26
2370,69,57,58,62,56
2371,53,62,66,60
2372,68,49,58,51
2373,77,74,75,76
2374,20,32,17,25
2375,29,25,31,18
2376,4,6,2,8,5,3,1
2377,17,30,21,27,19,32
2378,57,62,54,70,61,56,49
2379,15,13,14,11
2380,16,9,11,10
2381,26,29,18,20,21,32,23
2382,28,20,18,25,31
2383,66,52,62,68,71,55,65
2384,73,75,79,76,80,74
2385,4,5,2
2386,9,13,14,16
2387,9,12,16,13
2388,6,8,2
2389,2,4,5,3,6
2390,41,38,34,43
2391,73,78,76,79,77,74,80
2392,36,46,38,41
2393,26,19,31
2394,34,35,41,42,47,33,46
2395,5,7,8
2396,67,55,52,66,64,71
2397,80,78,79,73
2398,20,27,22,23,30,24
2399,66,65,64,58,63
2400,31,28,26,25
2401,40,47,44,45,43,41,34
2402,67,63,70
2403,47,36,45,38,37,43
2404,19,21,22,31,28
2405,23,32,20,30,24,19
2406,28,20,31
2407,45,44,39,41,42
2408,35,38,37,47,48,39,34
2409,33,37,48,40,45,44
2410,47,46,36,43,35
2411,32,31,19,27,30
2412,40,46,43,41,44,38,33
2413,9,15,12,11
2414,72,54,71,66
2415,65,72,51,67,62,49,50
2416,18,23,25,31,26
2417,15,12,16,13,10,11,14
2418,48,47,45
2419,49,65,64,51,63,69
2420,47,43,48,42,46,41,44
2421,45,46,39,43,33,36,37
2422,71,56,67,68,69,59,60
2423,5,6,3
2424,26,18,22,29,31,23,19
2425,60,69,49,62,52,70,57
2426,66,61,67,54
2427,68,49,56,64,58
2428,50,54,70
2429,72,68,50,64
2430,3,5,6,4,1,7
2431,69,68,63,59,55,57,49
2432,54,58,72,57,64,51
2433,5,6,3,4
2434,55,60,66,52,63
2435,32,23,18
2436,44,39,43
2437,40,48,35
2438,61,64,58,55,63,54
2439,23,18,30
2440,46,36,43,33,47,45,44
2441,37,35,34,42,40,48
2442,23,28,20,27,21,17,29
2443,70,64,69
2444,80,74,73,75,77,79
2445,6,3,8,2,7
2446,35,44,38,48
2447,55,49,67,52,53
2448,59,69,50,53,58
2449,65,53,51,59,70,49
2450,52,61,67,55,49
2451,3,4,7,5,8
2452,73,75,78,80,77,76,74
2453,39,45,34,36
2454,17,19,22,31,25
2455,55,58,53,60,54,65
2456,58,72,70,66,71,52,63
2457,60,51,61
2458,79,77,73
2459,68,55,49,62,56,51,66
2460,53,55,51,62,70
2461,41,46,40,38,37,39
2462,23,29,27,19,24,28,21
2463,55,68,58,60,50,65,49
2464,16,14,9,11
2465,61,64,49,72,58
2466,30,18,25,23
2467,3,2,4,5,8,6,1
2468,26,20,27,30,23,21,22
2469,11,16,12,10
2470,27,21,29,24
2471,14,15,12,9
2472,42,47,48,43,35,45
2473,12,9,14,15,11,16
2474,58,70,52,53,61,49
2475,37,41,48,34
2476,25,29,24,26
2477,31,28,18
2478,62,58,69,65,70
2479,57,62,72,51,50,70
2480,7,6,4,2,1
2481,6,3,2,4,5,8
2482,64,55,66,51
2483,21,19,27,18,30,31,22
2484,14,13,11,9,10,12,15
2485,47,42,36,34
2486,54,52,71
2487,24,30,31,32,17,19,27
2488,27,32,21,26,23
2489,33,35,34,36,47
2490,29,30,20,21,17
2491,68,58,62,60,59,53,64
2492,29,25,27,24
2493,17,24,22
2494,43,47,33,42
2495,2,7,3
2496,12,9,15,10,14,16
2497,44,45,47
2498,36,48,33,39,35,45
2499,80,78,76,75
2500,41,36,34
2501,9,16,15,10
2502,5,3,8,2
2503,80,76,78,74,79
2504,45,44,38,41,39,35
2505,29,31,27,30,26,20,21
2506,65,60,56,72,55,63,49
2507,22,18,19,26
2508,67,49,63,68,58,59
2509,36,46,41,33,44
2510,28,21,25,18,27,32,17
2511,34,45,35,44,37,43
2512,53,62,56,50
2513,80,73,76,77,78,75,79
2514,5,2,4,8,7,6,3
2515,39,36,48,42
2516,46,48,47,39
2517,32,19,28,25,23,29
2518,38,41,33,42
2519,50,57,72
2520,7,8,2
2521,18,25,31,26
2522,46,43,47,37,35
2523,48,38,43,35,40,34,39
2524,54,61,60
2525,49,65,64
2526,40,48,38,34,33,46
2527,6,3,4,1,7,2
2528,40,34,41,44,45
2529,7,2,3,8,1,4
2530,62,57,55,64,63,70
2531,33,43,38,39,44,37,35
2532,62,66,63,67,70,51,64
2533,18,20,24
2534,20,17,22,28
2535,12,16,15
2536,16,15,9,13,12,10,11
2537,51,68,55,65,54,62,64
2538,62,58,71,49,64
2539,4,2,6,8
2540,78,75,79,76,73,77
2541,70,52,59
2542,74,75,80
2543,62,57,54,51,49,63,69
2544,16,12,11,9,15,13
2545,67,57,66,51,50,49,59
2546,58,60,49,55,50,51
2547,65,53,60
2548,40,37,47
2549,36,39,44
2550,72,64,67,71,54,58
2551,2,5,8,7,3,1,6
2552,61,70,54,66,55
2553,25,24,30,20,31,21
2554,71,68,67,49,66,62
2555,70,59,51,53,56,52,49
2556,72,49,61,56,69,71
2557,38,37,33,46,42,44
2558,46,41,48,42
2559,5,4,8,1,3,2
2560,26,32,18
2561,5,8,6,4,1,7
2562,75,76,78,77,80
2563,25,21,20,31
2564,38,45,42,39,44,41
2565,14,12,16,13,10
2566,40,35,38,47,41,44
2567,66,67,49,70,69,68,62
2568,41,47,38
2569,79,74,73
2570,37,44,38,33
2571,10,15,16,12,11,13,9
2572,44,43,36,34
2573,44,35,47,45,33
2574,74,80,79,73,78,75
2575,41,33,43
2576,37,35,39,48,33,38,43
2577,61,64,56,66
2578,44,33,36,34,38
2579,1,6,5
2580,79,78,75,77
2581,21,23,17,18,28,27
2582,19,25,21,24,17
2583,57,58,62,54,66
2584,63,66,72,60,61
2585,55,50,53,54,49,59,52
2586,43,37,45
2587,29,21,20,17
2588,28,24,21
2589,43,38,47,42,45,35
2590,27,30,20,19,24,22
2591,6,2,4,5
2592,25,28,19
2593,11,13,9,15
2594,64,57,58
2595,18,24,27,19,28,21
2596,49,53,64,55,60
2597,42,37,38,39
2598,56,71,58,67
2599,15,16,14,11,10
2600,63,67,55,64,51,52,69
2601,72,60,66,49
2602,4,3,2,7,6,8,1
2603,14,11,9
2604,3,5,7,8,4
2605,35,42,48,33,45,46,39
2606,55,58,64,72,61,49,68
2607,79,77,73,76,75
2608,50,55,52,56,65,53,71
2609,70,54,68,66,72
2610,1,8,4,6
2611,18,30,29,27,32
2612,59,67,68
2613,44,43,42
2614,44,45,46
2615,4,6,3,2,7,1
2616,4,1,2,3,8
2617,38,34,37,39,40,46,36
2618,26,30,29,27,31
2619,68,53,59,49,63,66
2620,77,75,74,78
2621,15,9,14,10,12,16
2622,11,9,12,16,10,15,14
2623,80,76,79,77,73
2624,9,12,11,14,15,10,13
2625,48,36,34,43,38,46,45
2626,60,70,53,66
2627,48,34,40,42,33,47,45
2628,37,34,38,40
2629,2,7,8,3
2630,5,2,4,6,3,8
2631,58,66,64
2632,61,64,68,54,59,72
2633,48,35,44,46,45,47
2634,18,29,25,27,32,20
2635,66,53,72
2636,22,19,28,27
2637,63,65,68,72,61
2638,38,45,40,47,33,39
2639,47,44,35,46,37,42,36
2640,65,51,71,52,61
2641,48,45,35,47,44,43
2642,74,78,80
2643,23,25,19,21
2644,54,70,59,49,65
2645,54,49,62,69,60,63
2646,20,29,23
2647,52,72,50,58,49,71,67
2648,45,42,36,37,41,44,46
2649,30,20,32
2650,1,5,3,7
2651,16,12,13,10,14
2652,55,61,63,64
2653,33,40,41,47
2654,7,8,5,1
2655,70,63,67
2656,45,41,37,47
2657,61,59,57,56
2658,31,21,22,17,26,28
2659,12,14,11,9,15,10
2660,23,20,29,21,27,24,25
2661,14,13,16
2662,12,16,11,9,13,10
2663,27,26,23
2664,13,11,9,14
2665,62,65,64,71,63,57
2666,74,78,75,77
2667,47,35,42,41
2668,68,70,54
2669,4,5,6,2,3
2670,77,76,80
2671,41,43,40,34
2672,19,20,18
2673,14,11,12,15,9,10
2674,59,62,63,64,56
2675,52,70,53
2676,71,72,49,69
2677,40,37,36,39,34
2678,77,74,80,76,75,78,79
2679,63,52,56,68,64,57
2680,53,58,57,59,54,64,68
2681,71,52,69,51
2682,10,14,11
2683,69,67,58,55,72
2684,43,44,46,37,45,34
2685,60,53,64,58,51,59
2686,31,29,30
2687,22,24,23,30,25,28,18
2688,3,4,1,2,6
2689,32,28,17,30,31
2690,60,68,62,51,69,57
2691,30,23,19
2692,34,37,33,42,43,41,46
2693,8,3,2,5,6,7
2694,62,61,58,50,68,63,66
2695,29,32,20,19,17,28,24
2696,76,73,79,75,80,78
2697,24,19,17,27
2698,54,59,51,52,62
2699,47,38,39,46
2700,49,70,51,53,71
2701,46,34,38,40,47,36
2702,15,16,14,12,10,11
2703,33,41,38,37
2704,55,61,51
2705,70,59,49,71,67,60,69
2706,27,28,26
2707,55,49,66
2708,33,46,34,35,39,47
2709,27,31,24,23,29,17,25
2710,54,58,57,61,50
2711,65,67,52,58,68,54,66
2712,55,67,52,71,56,66
2713,74,80,75,78,77,79,76
2714,28,30,17,22,20,21,26
2715,17,32,30,23,26
2716,65,69,53
2717,15,12,14,13
2718,60,68,61,50,69
2719,5,8,6,2,4,3
2720,62,68,69
2721,56,69,67,72,49
2722,20,22,19,29,24,17
2723,23,18,22,19,28,21
2724,70,65,54,53,51,72
2725,65,53,56,68
2726,79,78,80
2727,47,40,42,35,44
2728,46,38,40,34
2729,11,14,13
2730,16,13,9,11
2731,31,29,21
2732,53,56,64,54,66,60
2733,74,75,73,78
2734,5,8,6,3,2
2735,50,61,62
2736,39,33,34,44,43,48
2737,43,36,44,41
2738,29,19,28
2739,72,62,58,60
2740,55,53,63,57,56,64,61
2741,66,52,68,70
2742,13,14,11
2743,14,11,12
2744,7,1,8,6,3,2
2745,37,39,43,38
2746,64,54,68,56,69,49
2747,73,77,76,79,74
2748,16,12,14,13
2749,32,22,25,19
2750,46,33,44,37,45,38,41
2751,26,32,24
2752,45,33,40,43,42,34,44
2753,71,53,70,59,62,54,67
2754,51,57,65,72,63
2755,6,1,2,7,8,5,4
2756,13,10,11,16,15
2757,19,17,18,20
2758,80,74,73
2759,38,41,47
2760,23,31,21,27,28,26
2761,20,25,24,21,23
2762,49,55,62,69,59
2763,8,4,3,7,1,2
2764,71,52,67,69,59
2765,77,79,73,80,78,76,74
2766,59,65,54
2767,27,22,18,19
2768,44,42,36,41,45
2769,8,6,3,2,7
2770,36,39,45
2771,6,7,5
2772,30,32,19,29
2773,10,15,13,14
2774,61,58,70,51,56
2775,21,22,25,19
2776,20,31,25,24,32,21
2777,43,39,38,44,41,48
2778,33,41,46,45,43,36,38
2779,58,59,72,53,49,65
2780,18,30,26,23
2781,14,12,10,11,15
2782,33,39,48,34,37
2783,74,73,75,80,78,79
2784,9,15,11
2785,16,12,9,10,11
2786,76,78,73,74,79
2787,56,59,50
2788,71,59,58,57
2789,58,55,66
2790,65,69,72,57,49,66,59
2791,16,11,12,9,14,13,15
2792,32,29,28,24,23,31,25
2793,18,23,24,21,26,31,30
2794,18,32,28,24
2795,28,27,23,17,25,18
2796,2,5,4,6,1
2797,56,55,69,54,52,68
2798,31,18,20
2799,80,76,77,79,74
2800,49,62,55,61,53,59,70
2801,56,50,54,70,59,67,66
2802,69,62,58,63,52,64
2803,28,31,29
2804,50,51,70,63,49,62
2805,18,31,32
2806,5,8,6,4,3,7
2807,50,65,67,57,54
2808,21,17,30,20,18
2809,66,65,62,59,54
2810,7,2,4,5,3
2811,61,53,50,69
2812,63,55,60
2813,3,5,6
2814,64,49,62,54
2815,65,56,71,55
2816,34,45,40,47,43,46
2817,49,62,65,67,71,51
2818,35,43,38
2819,61,70,49
2820,2,4,7,5
2821,58,64,71,57,70,55,66
2822,3,8,6,5,4,1,7
2823,32,23,25
2824,50,60,49,69,54,64,63
2825,29,31,25,24
2826,38,36,39,35,37,43
2827,10,14,12
2828,33,42,46,39,40
2829,7,2,5,1
2830,65,53,52,61,70
2831,75,74,79,73,77,80
2832,45,48,42,43,35,44,41
2833,30,27,19,26,24,28
2834,77,75,78,76,79,73
2835,16,15,9,10,13
2836,16,14,10,15
2837,52,57,61
2838,14,11,16,9,10,13
2839,53,49,64,60
2840,64,53,72,50
2841,20,25,22,30,28,27,31
2842,6,4,2,5,8
2843,3,2,6,5,7,4
2844,48,34,36
2845,2,1,7,6
2846,62,72,71,57,54,59
2847,10,11,9,13,14,12,16
2848,1,5,6,3,2,4
2849,6,1,2,5,8
2850,47,33,37
2851,59,63,49,62,58,57,65
2852,65,72,62,61,71,52,56
2853,6,4,2
2854,8,4,2,1,5
2855,52,64,49,55,53
2856,14,11,13,9
2857,32,25,28,19,24,23
2858,33,35,39,36
2859,42,36,39
2860,23,24,21,28,27
2861,32,20,25
2862,13,10,15,11,9,12
2863,73,77,78,76,79,75
2864,33,41,46,35,37
2865,39,43,42,33,44,38,36
2866,8,3,4,2,7,5,6
2867,52,49,55,68,70,67,62
2868,47,34,36,33,48,43,41
2869,9,14,11,13,10
2870,23,17,20,22,24,27,18
2871,72,70,62,67
2872,34,33,46,38,48,40,37
2873,39,41,34,35
2874,4,7,6,3,2
2875,40,41,37,34
2876,1,8,5
2877,3,8,1,6,2
2878,75,76,80,79,73,77,74
2879,79,78,80,74,77
2880,66,69,49,68,56,67,72
2881,80,73,78,79,76
2882,11,9,15,13
2883,70,55,53,49,59,63,69
2884,37,47,34,46,38,33,44
2885,51,71,49
2886,68,62,54
2887,21,23,22,17,27,20,32
2888,21,24,22,32,29,28
2889,57,71,64,69,58
2890,27,30,23,32,28
2891,1,8,6
2892,46,33,35,43,40,36,45
2893,72,69,54,50,57
2894,13,10,9,16,11,14
2895,10,15,12,9
2896,1,3,4,6
2897,16,13,14,15
2898,63,67,65
2899,57,62,68
2900,43,40,39,45,47
2901,40,39,35,47
2902,29,24,21,18,20
2903,39,36,37,48
2904,9,12,15,13,16,10
2905,73,76,74,79,80
2906,53,56,64,63,55
2907,78,76,79,74,77
2908,15,9,11,14,13,16,10
2909,43,47,48,39
2910,57,59,72,71,52,68,56
2911,59,62,69
2912,51,64,50,53
2913,54,66,72,56,51,55,64
2914,7,1,8,2,3
2915,19,30,27,29,23,24
2916,34,45,40,48,39
2917,16,9,12
2918,21,24,30,22,19,31
2919,62,70,60,63,52
2920,71,50,67,64,62,53
2921,26,32,24
2922,28,18,27,24,32,29
2923,26,31,21,17,22,32
2924,38,33,37,47,48
2925,30,27,18,19,24,25,26
2926,80,73,79,75,77,78
2927,2,3,7,1,4,8,5
2928,20,32,17,27,21,30
2929,5,8,4,1
2930,63,72,61
2931,68,57,53,54
2932,38,33,48,37
2933,19,32,30
2934,1,4,3,8
2935,70,58,65
2936,71,59,53,68
2937,25,19,23,17
2938,69,63,50,67
2939,19,18,31,27,20,32
2940,15,13,14
2941,73,77,76
2942,53,57,59,68,49
2943,21,32,19,20
2944,75,78,74
2945,15,9,10,13,16
2946,16,9,11,10,15,13,14
2947,34,45,48,46,44
2948,58,49,70
2949,47,39,41,48,36,46
2950,71,49,64,69,58
2951,42,40,34,41,38,45
2952,10,13,16
2953,32,23,26,19,29
2954,71,72,61,49,65,69,56
2955,11,10,13,9,15,14,16
2956,57,67,60,70,71
2957,59,56,64,49,52
2958,64,60,52,63,69,66,70
2959,38,48,43
2960,69,72,63,55,58,62,49
2961,7,2,3,6,8
2962,16,15,12,10
2963,17,26,30
2964,6,3,5
2965,79,80,74,73
2966,10,9,11
2967,72,61,63,69,68,53,60
2968,20,31,25,27,19,18
2969,14,10,11,9,13,12
2970,57,67,71,55,60
2971,75,74,73,77
2972,8,2,5
2973,43,48,33,40,45
2974,57,61,49,65,67
2975,41,44,34,35
2976,42,41,35
2977,2,3,7,4
2978,44,42,37,45,33,43,48
2979,44,48,46,40,39,45
2980,71,56,49,69
2981,74,75,79
2982,26,20,24,18,17,30,22
2983,67,66,69,50,51
2984,26,32,30,20
2985,18,32,27,21,25,23
2986,17,18,28,21,31
2987,59,52,54,61
2988,2,6,1,8,7,5,4
2989,41,45,34,48,46,43,44
2990,6,4,5
2991,9,10,13
2992,18,22,21
2993,30,21,17,22,27
2994,70,49,50,55
2995,73,74,75,76,77
2996,10,14,13,15
2997,74,79,75,77,80,78,73
2998,61,52,67
2999,77,73,79,78,75
3000,68,57,49,53
3001,70,71,56,66,58
3002,20,27,24,23
3003,12,15,11,16,14,13
3004,49,70,59
3005,2,8,6
3006,73,78,76,77,74,75
3007,8,3,6,4,1,7,2
3008,44,42,37,35,48,46,43
3009,35,44,36,47
3010,58,51,53,54,57
3011,28,19,18,23,27
3012,53,67,64,70,55
3013,22,18,20,26
3014,16,10,12,15,11,9
3015,3,7,4,8,1
3016,75,76,80,79,77,73
3017,30,29,27,23,24
3018,20,32,22
3019,5,4,7,3,2
3020,18,20,31,24,22,29
3021,34,45,36,48,33,39
3022,40,36,41,33,34
3023,50,60,64,71,58
3024,16,13,14
3025,61,52,51,59,49,72,62
3026,78,74,73,76,77,80,75
3027,21,17,26,24
3028,19,27,20,29
3029,21,27,29,18,31,26,30
3030,75,78,80,79,76
3031,52,68,58,55
3032,15,12,14,10,16,9,11
3033,49,72,59,55,51,62,70
3034,44,37,41,45,40,46,35
3035,34,36,42,33,39,45,40
3036,2,1,3,7,5,6
3037,36,33,45
3038,65,69,72,58,56,55,67
3039,36,47,44
3040,51,70,67,49,55,59,50
3041,6,2,3,7
3042,44,36,37
3043,42,47,34
3044,53,67,51
3045,2,1,7,5
3046,60,59,64
3047,43,44,47,38
3048,64,50,56
3049,7,5,1,8,2,4
3050,9,13,10
3051,46,34,40
3052,24,19,29,17,20
3053,21,25,19
3054,51,52,55,60,67,50,56
3055,50,64,59,57,65
3056,57,49,63
3057,40,38,42,34,46
3058,54,66,53,70
3059,48,45,33,46
3060,9,10,14,11
3061,37,45,39
3062,2,4,1,8,3,6,7
3063,68,61,69
3064,23,17,18,24
3065,16,10,15,12,9,14
3066,4,8,6,5,7
3067,5,4,7,2
3068,18,21,23,22
3069,67,64,51,72,63,59,57
3070,54,50,67,53,68,59,70
3071,1,8,5,7,6
3072,77,76,75,74,73,78
3073,47,36,45
3074,52,57,53,49,69
3075,71,56,57,58,52
3076,55,60,63,56
3077,47,42,35,33,36
3078,58,54,57,62,50
3079,50,72,52
3080,1,6,7,5,3,4,2
3081,37,44,41,36,45,40,34
3082,60,67,49,66
3083,57,54,56,70,50,65,68
3084,12,15,11,13,10,16
3085,36,40,38,45
3086,13,10,12
3087,65,54,68,56,61
3088,24,21,32,26
3089,30,22,29,19,24,31
3090,61,54,58
3091,20,29,30,23,32,17
3092,56,70,72,52,53,49
3093,63,71,56,59,49,58,51
3094,18,19,22,28,21,25
3095,22,21,19,18,20,25,27
3096,54,63,62
3097,43,46,39,44,34,33
3098,9,12,10,11,15
3099,20,18,23,21
3100,3,1,8,5,7
3101,35,33,43
3102,56,59,53
3103,78,80,73
3104,61,60,50,57,55,52,56
3105,40,46,35,33,43,47
3106,57,54,56,65,59,49,71
3107,38,34,43
3108,9,15,14,11,16,13,12
3109,25,31,26,21,19,23
3110,2,4,7,8
3111,53,67,63,58,55,52
3112,43,42,38,47,44,40,35
3113,50,51,63,64,56,67
3114,59,50,72,53,68
3115,24,18,21,32
3116,9,15,10,16,14
3117,73,75,80
3118,59,54,66,56
3119,4,5,3,7,2,1,6
3120,63,50,58
3121,74,80,78,79
3122,8,2,3,1,7,6
3123,1,2,8,6
3124,28,21,24,17,29,27
3125,44,39,36,46,48,42,38
3126,23,24,31
3127,16,11,13,14
3128,43,42,38,46,40,37,33
3129,41,36,42,39,46
3130,75,74,78,73,79,77
3131,24,27,17
3132,78,76,73,80,75,74
3133,59,57,65,71,56,61,70
3134,52,51,62,67,53,66
3135,19,25,17,18,28
3136,22,23,29,20,19
3137,7,2,3,4
3138,58,72,64
3139,40,47,48
3140,76,75,80,74,79,73
3141,30,29,17,24
3142,39,38,33
3143,54,52,63,56,69,55
3144,62,52,59,64,55,72
3145,3,7,2,5,6,1,8
3146,12,10,13,15,9,11,16
3147,48,33,41,35
3148,5,8,1
3149,11,14,16
3150,40,33,39,48,46,43
3151,19,31,30,32,23,29,25
3152,51,68,62,60,72,56,57
3153,57,54,52,63
3154,35,45,33
3155,44,46,48,33
3156,44,41,35,47
3157,74,79,77
3158,79,73,77
3159,2,7,4,8,6,3
3160,8,2,4,1,3
3161,16,11,13,10,12,15,14
3162,43,37,42,35,36
3163,3,7,5
3164,59,67,66,57,65,55,72
3165,47,44,42,48,33,43,34
3166,45,38,34,33
3167,27,31,32
3168,52,56,70,67,66
3169,55,49,64,72,52
3170,10,9,15,16,12,11
3171,1,8,5,7,3,4
3172,75,76,73,80
3173,6,4,8,1,3
3174,38,44,41,33,43,42
3175,76,78,79,80,74
3176,20,19,28,29
3177,6,5,7,4,2
3178,19,22,21,28,27,30,24
3179,5,6,7,2,8,4
3180,40,33,46,37,47,48
3181,20,24,22,18,29,23
3182,70,49,71,66
3183,75,76,79,80,78,77,73
3184,75,73,76,74,77
3185,17,25,32,18,30
3186,12,14,16,11
3187,28,31,19,29,26,22
3188,67,65,61
3189,18,28,32
3190,15,12,10,13,9,14,16
3191,80,74,77
3192,27,24,17,28,21
3193,67,72,61,70
3194,36,37,38,41,46
3195,55,53,58,50,64,49
3196,80,78,79,73
3197,24,17,20,19,23,32,21
3198,20,32,22,24
3199,60,56,66,61,55,59,53
3200,50,52,71,49,61,70
3201,47,43,46,34,48,40
3202,11,15,16,13,10
3203,45,34,35,47
3204,15,12,13,14
3205,49,51,68,69,72
3206,20,32,22,31,23,21
3207,47,42,36,44,45,41,38
3208,24,29,17,22,23,25
3209,8,1,4,6,7
3210,13,9,14,11,15,12
3211,39,41,37,35,44
3212,78,74,73,75,76,77
3213,2,1,6,8,4,7,5
3214,22,25,30,18
3215,67,70,54
3216,14,12,10
3217,68,61,56,53,64
3218,62,52,50,57,59,53,56
3219,5,1,4,3
3220,59,49,50,69,53,54,58
3221,36,41,43,44,38,39
3222,54,66,52,53
3223,6,5,3,4,7,8,1
3224,26,18,30,21,27
3225,35,43,41,40
3226,62,54,61,53,66,51,50
3227,14,9,11,16,15,12
3228,35,39,36,41,46
3229,78,80,77
3230,29,26,24,22,18,17
3231,1,4,6,7,5,8
3232,46,45,48,35,37
3233,47,48,34,45,33
3234,23,27,32,31
3235,37,46,47
3236,17,19,20
3237,17,20,25,32,24
3238,25,31,19,30,24,18,26
3239,27,22,31,24,26,25,30
3240,32,20,22,24,23,19
3241,73,80,77,74,79,75,76
3242,20,23,28,29,21
3243,53,49,63,58,52,54,62
3244,60,63,67,54,59
3245,70,60,65,53
3246,10,15,9,12,13,14,11
3247,67,68,56,66,70,69
3248,64,71,70
3249,78,74,76,77
3250,24,19,28,22
3251,78,77,75,76
3252,43,38,42,33,46
3253,22,18,24,20
3254,36,37,35,47,42,34,39
3255,66,63,56,67,54
3256,19,28,31,27
3257,27,30,23,24,20,32
3258,48,34,43
3259,3,7,5
3260,78,74,77,76,79
3261,59,50,69,68,58,54
3262,78,76,75,80,74,77
3263,78,74,73,75,76,79
3264,26,29,30,24,25
3265,38,47,39,40,35,46
3266,55,54,49,65,69,50
3267,29,19,26,21,28,30,24
3268,3,6,7,2,4,5
3269,4,3,2
3270,27,23,30,20
3271,33,43,40,42,38,46
3272,4,7,1,6
3273,26,27,30
3274,15,9,13,10,12,14,16
3275,15,16,11,14,10,13
3276,24,28,19,29,20
3277,32,19,20,18
3278,66,61,62
3279,57,70,52,64,56
3280,10,9,12,16
3281,54,69,51
3282,37,42,46,44
3283,46,38,45
3284,19,29,23,28
3285,33,38,40,46
3286,30,18,28,21,25,32
3287,55,51,54,52,53,62,63
3288,23,20,31,22,25
3289,29,18,22,19
3290,72,53,56,66,70,61,63
3291,72,69,62
3292,44,38,47,35,36,40,48
3293,16,12,13
3294,51,54,53,62,57
3295,35,46,37,45
3296,63,72,61,55,51,49
3297,30,29,26
3298,43,47,33,34,38,40,39
3299,24,28,27,30
3300,25,24,20,23,17,26,32
3301,9,16,13,11
3302,54,68,70,56,51,66,57
3303,27,29,19,28
3304,45,39,43,41
3305,4,3,2,5
3306,6,1,2,8,3,7,5
3307,22,28,27,18,23,20
3308,44,33,35,45,47
3309,54,61,56,57,53,49,64
3310,33,36,45,43
3311,77,74,76
3312,11,9,15
3313,9,10,11
3314,9,16,10,14
3315,53,54,68,52,58,55,62
3316,65,61,63,51,69,70
3317,57,54,68,66
3318,27,21,19,20
3319,58,63,54,70,49,66,72
3320,69,65,51,64,49,63
3321,9,15,11,12,10,16
3322,39,43,37,34,45,38
3323,44,46,41,38
3324,45,48,43,42,33
3325,76,78,77,75,80,74
3326,76,80,73,78
3327,53,57,54,63,67,68,50
3328,50,65,61,54,67
3329,75,73,78,77,74
3330,54,53,70,64,69,63
3331,19,23,24,27,28,20,31
3332,34,36,47,39,48,44
3333,41,39,35,36
3334,79,78,74,77,75,80
3335,24,19,28
3336,38,36,45,41,47
3337,37,38,47,48,45
3338,78,75,77,79,76,80,73
3339,4,6,2,3,1,5
3340,21,31,28,26,22,18
3341,3,6,4
3342,51,63,67,65
3343,57,65,69,55,66,61
3344,49,71,50,56,54,57
3345,46,39,42,43,35,38
3346,42,33,47,36
3347,80,79,77
3348,1,3,4,7,5
3349,67,66,49,53
3350,6,1,4,8,5,3,2
3351,11,13,10,16,12,15,14
3352,51,56,54,64
3353,51,60,50,53,69,68,64
3354,41,46,36,42,37,43,38
3355,71,70,65,69
3356,27,31,21,22,17
3357,7,8,5,2,4
3358,74,78,77
3359,2,1,3,7,8,5,4
3360,70,69,58,59
3361,67,57,58,72
3362,67,54,58
3363,35,36,33,43
3364,16,13,10,14
3365,50,49,66,68,63,67
3366,34,45,44,43
3367,64,70,71,58,51,67,65
3368,33,39,48,41,46,38,34
3369,45,42,35,39,37
3370,79,78,75
3371,56,58,49,65,64,63
3372,52,49,61
3373,51,67,53,65,57,70
3374,23,30,18,22,31,17
3375,60,58,57,51,66,67,49
3376,26,27,23,19
3377,31,28,24,29,17,26,22
3378,11,9,13,15,10
3379,19,21,18
3380,15,12,16,13,11,10
3381,5,8,7,4,3
3382,40,43,36,44,47,39,42
3383,54,55,53,69
3384,9,13,12,15,11,14
3385,68,56,66,55,64,65,71
3386,59,65,50
3387,33,37,39,48
3388,73,77,79,78,75,80,76
3389,69,67,56,53,59,72
3390,52,64,68
3391,37,40,36
3392,34,47,48,46
3393,45,35,40
3394,39,46,47
3395,76,78,79,74
3396,31,26,23,29,17
3397,38,40,48,35,43,36,33
3398,47,38,44,46,37,39
3399,32,22,21,23
3400,57,53,51,71,72,59,61
3401,33,35,37,42,43,34
3402,21,22,18
3403,7,8,6,2,5,1
3404,71,62,70,52,59
3405,12,16,14,13,9
3406,5,2,7,1
3407,33,38,35,36
3408,23,30,25
3409,64,67,72
3410,1,3,6,5,2,7,8
3411,21,25,23,18,27
3412,19,21,32,29,20,24,25
3413,48,47,42,43,41
3414,4,7,1
3415,53,70,67,66,61,68,49
3416,70,49,59
3417,31,21,32,23,19,27,18
3418,72,64,55,54,52
3419,15,10,13,11,9,16,14
3420,3,1,7,8,5
3421,56,69,64
3422,52,63,68,69,72,65,57
3423,21,20,30,25,23
3424,41,39,36,43,42
3425,15,10,13,16,9
3426,74,75,77
3427,76,74,80,73,79,77
3428,49,68,50
3429,39,45,43,44,48
3430,5,3,2,4,8
3431,53,50,71,64
3432,9,15,11,14,12
3433,14,16,10
3434,3,7,1
3435,14,10,11,15,16
3436,39,33,45,41,42
3437,52,66,65,70,62,64
3438,21,19,26,27,29,22
3439,42,48,45,36,34
3440,69,66,63,55,52,49,67
3441,78,77,76,74
3442,55,62,65
3443,10,14,11,13
3444,27,19,26,17,24,18
3445,5,6,1,7,4,3,8
3446,61,66,67,64,72
3447,1,4,2,3,8,6,7
3448,43,35,41,46,42,45,40
3449,64,51,62,66
3450,30,19,27,25,29,21
3451,15,9,13,11,10
3452,75,77,80
3453,76,80,77
3454,10,12,16,14
3455,64,54,51,67,50,68
3456,4,1,3,2
3457,6,3,8,7,2,1,4
3458,14,13,11,9,16,15,10
3459,17,21,19,32
3460,20,24,32
3461,20,24,27,21,28,32
3462,33,48,39
3463,6,5,2,4,3,7
3464,36,37,47,33,46
3465,32,17,21,28,30,18
3466,18,23,31,17,30
3467,20,18,31,23
3468,69,49,68,60,53
3469,25,28,27,30
3470,74,78,77,75,80,79
3471,30,20,32,29
3472,42,46,36
3473,46,34,35,43,48
3474,13,11,10,9,15,12
3475,61,58,55
3476,5,1,2
3477,11,10,12,15
3478,36,37,40,46
3479,29,27,17,18,31
3480,35,45,42,48
3481,13,14,10,12,11,16,15
3482,51,67,61,53,70,68
3483,11,10,13,15,14,16
3484,46,33,43,38,44
3485,26,28,32,21
3486,26,31,27,22,29,21,19
3487,18,22,19,32,24,27,25
3488,60,62,71,61,59,53
3489,65,55,61,69,49,66,71
3490,72,60,53,63,71,52,55
3491,13,10,16,15
3492,34,47,38,46,43,39,33
3493,79,78,80,73,77,75
3494,79,74,75,73,80,78,76
3495,57,62,60,63,65,66
3496,43,44,47,46
3497,62,56,67,70,68
3498,40,41,39,46
3499,32,20,21,28,18,22
3500,4,3,2,5,6,8
3501,12,15,14,11,16,9
3502,21,24,17
3503,45,38,41,42,33,40
3504,46,38,34,47,36,35,37
3505,26,24,19,21
3506,4,2,7,3,8,5,1
3507,64,70,72,49,66
3508,28,19,20,21,23,18,27
3509,20,19,23,32,31
3510,17,18,25,31,29
3511,1,5,4,3,6,8
3512,25,24,26,31
3513,72,53,62
3514,69,70,54,56,59,51,63
3515,22,17,29
3516,54,57,69
3517,76,73,75,78,77,74
3518,18,26,21,25,31,28,27
3519,68,50,59,64,70,63,51
3520,42,41,33,37
3521,14,16,9
3522,62,58,53
3523,33,42,44,38,34,43
3524,56,49,51,55
3525,43,35,33,38,42
3526,74,73,76,79,78,75,80
3527,36,44,46
3528,58,70,57,62
3529,17,23,29
3530,26,30,19
3531,78,79,77
3532,64,54,59,52
3533,61,63,57,51,69
3534,25,27,20,24,19,32
3535,31,18,28,23,32,24,19
3536,38,35,44,43,39,36,40
3537,77,74,73,78,75,80
3538,28,20,25,19,17
3539,22,19,32,23,20,31
3540,75,80,79,76,73,78,74
3541,61,57,58
3542,35,44,33,45
3543,14,10,13,9
3544,37,43,45,47,35,39
3545,2,3,7,1,8,4,5
3546,33,40,47,34,44,42,45
3547,27,31,29,26,32,20,18
3548,26,17,24,28,23,30,20
3549,62,64,69,57,59
3550,64,65,61,54,69
3551,26,17,32
3552,77,74,73,78,79
3553,57,72,55
3554,3,1,6,4
3555,8,4,3,1,5
3556,6,7,3
3557,54,71,50,56,66,64
3558,73,76,75
3559,78,74,77,79,76,80,75
3560,47,43,34
3561,74,73,80
3562,27,21,20,22
3563,21,30,19,28,18,25
3564,11,10,9,12,15,16
3565,49,62,53,52,66,67,60
3566,17,27,23,26,28,20,24
3567,71,56,61
3568,65,50,52
3569,13,14,16,10
3570,74,75,78,76,80
3571,17,24,21
3572,4,6,2,8,1
3573,63,65,66,59,70
3574,70,54,68,51,49,56,71
3575,66,61,59,60
3576,31,26,21,32,29,17
3577,75,77,76,73,78,80
3578,45,48,44,35,37
3579,18,31,30,28,29
3580,28,29,32,23,24,25
3581,10,12,9,14,16
3582,24,27,29,21,28
3583,14,16,13
3584,20,30,31,26,29,32
3585,3,5,7,8
3586,60,71,64,57
3587,50,62,51,72,67,65,71
3588,54,67,59,61,68,57,62
3589,54,52,55,65,62
3590,38,46,42,34
3591,62,53,51,54,49,59
3592,8,2,7,4
3593,78,75,76,73,79
3594,2,7,5,6,4,3
3595,10,13,15,11,14
3596,43,37,38,48,40,47,34
3597,13,11,10,16
3598,44,36,37,41,39
3599,49,59,52,61,54,65,72
3600,27,30,18,21,23
3601,73,74,78,79,76,77
3602,17,23,30,29,21
3603,61,59,62,49
3604,77,76,75,73,79,78
3605,48,35,44,47
3606,32,20,22,21,17,25,24
3607,32,29,27,18,24
3608,45,38,41
3609,45,36,43
3610,30,21,24,19,27,26,22
3611,41,33,45,43,48,47,46
3612,43,33,45,36
3613,47,39,35,34,37,41
3614,66,59,50,53,57
3615,15,9,14,13
3616,10,16,9
3617,73,80,77,78
3618,42,38,37
3619,43,46,40,47,48,39
3620,53,57,70,51,69,71
3621,54,60,49,66,70
3622,67,68,63,56,52
3623,16,13,10,14,11,9,12
3624,67,69,52,53,63,50,72
3625,51,65,64,49
3626,46,47,41,38,34,44,43
3627,64,57,49
3628,61,56,53,58,50,52
3629,68,54,58,52,53
3630,22,25,32
3631,61,57,64,68
3632,31,17,22,24,28,19
3633,4,7,2,6,8,1
3634,70,67,63,50,71,64
3635,20,31,30
3636,6,8,7,3
3637,37,43,35,40,47,48
3638,38,47,34,42,48,37,39
3639,71,59,53,51
3640,14,9,12,13,10,16
3641,78,77,79,76,73
3642,1,2,4,5,3
3643,19,27,17
3644,50,58,54,53,60,71
3645,48,44,33
3646,68,66,62,53
3647,40,41,36
3648,8,2,6,3,4,5
3649,79,78,80,73,77
3650,56,72,54,52,53,60,51
3651,36,33,41,48,47
3652,63,68,66,67
3653,63,57,68,50,61,64,58
3654,13,11,15,14
3655,54,59,50,66
3656,21,25,17,31,32,26
3657,31,17,24,32
3658,9,16,12,11,10
3659,75,80,73,78,74,76
3660,40,38,39,47,33,43
3661,61,55,68,53,70
3662,2,1,8,5,3,6
3663,36,35,47,37,44,34,41
3664,73,74,76,78,80,79,77
3665,44,33,39,48,38,34,37
3666,6,5,1,4,2
3667,70,66,51,71,65,61,64
3668,63,72,58,56,66,57
3669,75,77,79,78,76
3670,66,52,55
3671,71,58,70
3672,6,5,1,7,4
3673,58,67,62,70,54,57
3674,45,33,47,46,43,48,41
3675,43,48,47,46
3676,76,74,80
3677,72,55,52,56
3678,71,60,53,67
3679,12,10,15,11,13,9
3680,71,66,67,61
3681,36,35,43,44,37,39
3682,58,66,61,65,71
3683,25,21,23,19,27,30,22
3684,15,12,16,14,9,11,10
3685,47,44,34,40
3686,17,30,23,22,25
3687,56,71,51,66,60,52
3688,24,20,31,23
3689,73,79,76,74
3690,47,42,41,39,35
3691,12,10,13
3692,16,12,13,10
3693,26,23,27,25
3694,77,75,80,73
3695,46,43,47,37,35,40,44
3696,64,69,59
3697,80,77,76,79
3698,54,55,70,53
3699,24,26,23,20,18
3700,58,51,71,68,53
3701,35,36,42,45,47,44
3702,37,47,44,48,34,46
3703,13,11,10,16,14,15,12
3704,56,63,60,59,58,72,64
3705,45,40,47,43
3706,31,26,27,21
3707,71,53,51,68,63,60,49
3708,13,10,12
3709,35,37,40,45,43,39
3710,29,20,18,24
3711,5,3,1,6,4
3712,29,18,26,17,22,25
3713,50,62,70,69,66,63,72
3714,69,60,63,51,53,71,62
3715,35,36,33,43
3716,21,18,26
3717,43,46,40,35,47,48,34
3718,70,62,67,72,51,59,54
3719,45,37,48,34,40,46
3720,10,15,16,13,14
3721,29,19,27,32
3722,42,33,37,35,39,36
3723,30,24,18
3724,62,52,66,55,58,70,60
3725,75,74,76,79
3726,11,12,15,14
3727,32,25,28,27,20
3728,74,80,78,77
3729,55,56,63,54
3730,75,77,79,80
3731,49,60,51,71
3732,80,73,75,79
3733,77,73,80
3734,56,49,61,65
3735,24,30,18,20,27,22
3736,28,18,21,24,23
3737,80,76,78,73,75,79
3738,28,18,19,21
3739,53,65,51,63,52,69,61
3740,69,56,67
3741,53,70,72,56,62,68,61
3742,14,9,11,13,16,10,12
3743,18,28,29,19,20,30,17
3744,73,77,76,78,79
3745,64,56,66,70,62
3746,37,44,46,43,47
3747,30,24,19,27,29,18,21
3748,58,62,70,65,59,69
3749,54,59,66,49,50,57
3750,13,10,11,16
3751,67,71,51,70,55,57,69
3752,56,53,52,51
3753,51,58,72,67,50
3754,28,30,32,27,29,22
3755,49,54,65,69,61,64,56
3756,58,54,60,67,53
3757,2,5,1,7
3758,28,18,24,23,19,27
3759,8,7,2,6,4
3760,51,64,71
3761,35,44,39,40
3762,37,38,44,40
3763,74,77,79,75
3764,36,45,34,37
3765,52,68,49,63,71
3766,56,65,64
3767,30,26,17,27
3768,18,17,29,30,26
3769,3,2,4
3770,53,62,58
3771,48,39,41,45,37,36
3772,13,15,11,14,16
3773,37,43,44,40,36
3774,39,43,40
3775,46,44,48,42,34
3776,43,46,35,44,37,45,42
3777,39,45,34
3778,7,5,6,4,8,1,3
3779,43,48,42
3780,70,54,50,60
3781,74,75,76,79,80,73
3782,59,62,53
3783,9,12,13,15
3784,77,76,74
3785,59,60,54,64,71,70
3786,70,53,71,69,60
3787,51,67,68,70
3788,27,20,32,22,31,19
3789,62,63,58,60,69,59,57
3790,43,40,45,42,39,38,37
3791,34,47,44,38,36
3792,57,59,65,71
3793,1,8,2,6,7
3794,5,7,4,8
3795,23,22,24,17
3796,77,79,74,80,76
3797,43,48,39,42,37
3798,33,38,45,43,39
3799,52,53,68,60,64,49
3800,42,39,46
3801,62,49,69,72
3802,1,7,8
3803,24,18,23,30,28,22,17
3804,36,48,42,37
3805,47,33,41
3806,44,37,33,35,41
3807,51,60,66,70
3808,8,1,2,6,7
3809,11,13,14,10
3810,12,16,15,10,9
3811,52,72,69,51
3812,77,76,78
3813,50,63,72,53,49
3814,23,31,26,25
3815,66,60,55,61,64
3816,74,77,73,80,75
3817,60,63,50,70,68
3818,46,38,45,43,40,35,37
3819,28,31,18,32,21,23,25
3820,39,35,48,33,47
3821,61,62,54,68,70
3822,71,49,64,67,63,55
3823,44,41,35
3824,75,80,78,77,76,73,79
3825,58,59,71,60,52,61,57
3826,2,7,6
3827,64,51,62,61,72
3828,14,12,16,13,11
3829,20,27,24,18,23,17
3830,8,6,7,2
3831,19,17,20,18,25,29,23
3832,40,35,47,44,39,36,37
3833,41,43,46,45,47,39
3834,61,62,50
3835,14,12,10,13,16,9
3836,13,16,14
3837,16,15,13,14
3838,55,58,71,62,49
3839,4,1,6,3,2,5,7
3840,21,27,17,18
3841,20,31,32
3842,19,24,18
3843,43,39,47,38,35
3844,12,16,9,14
3845,80,73,78,76,75,77,79
3846,56,49,65,67,55
3847,40,39,41
3848,71,50,66,70,49,60
3849,51,56,49,63,66,61
3850,3,1,6
3851,79,75,76,78,73
3852,79,74,78,76
3853,23,28,20,26,27,30,25
3854,21,27,28,22
3855,49,64,62
3856,16,13,10,15,9,12
3857,40,41,44,36
3858,34,42,40,36,45
3859,30,17,28,29,24
3860,46,36,37,42
3861,24,17,21,29,28,31
3862,54,58,66
3863,21,24,32,22,20,25
3864,79,78,73
3865,57,68,59,60
3866,47,40,44,46,37
3867,73,75,78,79,80,77
3868,32,24,31,17,27
3869,5,3,6,8,1,4
3870,18,19,22,23,32
3871,17,19,27
3872,46,47,34,39
3873,76,75,78,80
3874,32,23,20,19,21,29,17
3875,29,25,23,18,31,20,30
3876,45,37,46,34,38,39
3877,72,64,50,61,63
3878,44,48,40
3879,78,77,74
3880,22,24,21,26
3881,9,12,16,11
3882,8,2,3
3883,78,77,80,79
3884,29,19,17,32,22
3885,66,72,68,64
3886,13,12,10,9,15
3887,30,22,29,17,20,19
3888,53,61,50,54,65,63
3889,25,30,23,19,32
3890,34,38,47,45,33,42,35
3891,22,20,25
3892,34,43,48,47,46,41,42
3893,53,67,72,61
3894,39,34,41,42,37,44
3895,25,28,18,27,29
3896,75,80,73,74,78,79,77
3897,18,23,26,27,28
3898,28,27,17,32,22,20,24
3899,32,30,18
3900,69,58,70,53,63,54
3901,62,54,63,52
3902,56,58,67,49,65,54,66
3903,46,38,45,47,35
3904,31,32,23,29,25
3905,50,51,66,67,61,63
3906,48,38,43,39,33,45
3907,78,74,80,76,79,75
3908,41,47,33,40,34,39
3909,56,58,65,72,64,55,62
3910,79,78,73,76,74
3911,5,8,4
3912,46,45,47,36
3913,42,46,48,47,40,44,34
3914,78,74,76,75,73
3915,52,49,51,70,58
3916,37,33,45
3917,22,28,29,20
3918,39,33,36,40
3919,29,19,18,31,26,22,23
3920,69,56,65
3921,61,52,49,69,63,53,55
3922,67,69,58,57,60,61,64
3923,63,49,70,61,60,62,50
3924,10,16,12
3925,41,40,38,35,37,36
3926,36,41,35,44,42,47,34
3927,8,5,4,2,7
3928,66,50,65
3929,77,78,75,79,80,74
3930,12,10,9,14
3931,24,20,25,30,22
3932,78,74,76
3933,2,1,6,7,3
3934,78,80,73,79
3935,67,66,60,59,68,64
3936,73,76,74
3937,4,7,3,8,2,1,5
3938,35,42,45,41,37,36
3939,42,37,46,44,36,39,33
3940,25,31,22,30
3941,31,32,23,18,28,22
3942,52,70,72
3943,68,71,58
3944,55,60,65
3945,21,22,27,25,26,30
3946,32,26,30
3947,32,18,21,28,19,29
3948,16,11,15,13,12,14,10
3949,30,17,20,24,22
3950,21,31,25
3951,45,48,34,35,44,36,38
3952,64,67,70,65,55
3953,37,38,41,47
3954,49,53,61,67,50,54
3955,76,75,73,77,79,74,78
3956,28,29,21
3957,51,49,69,61,62,67,56
3958,74,73,76,78,75
3959,59,53,55,66
3960,37,40,33,48,42
3961,70,60,61,66,50,57,59
3962,75,74,73,80
3963,16,13,12,11,10,15
3964,8,6,5
3965,39,44,34
3966,22,18,30,25
3967,78,79,75,74,76
3968,2,1,5,6,7
3969,78,80,75
3970,39,47,44,34,35,36,48
3971,31,29,18,25,28
3972,52,65,54,50,58,68
3973,45,43,48,41,38,33
3974,40,45,42,39,48,44
3975,49,61,65
3976,41,40,47,34,36
3977,80,79,78,76
3978,56,65,68,53,58,52,63
3979,24,20,25,18,28
3980,46,38,41,44
3981,43,39,42,46,47
3982,73,78,80,75,76,77
3983,80,79,73,78,76,74
3984,38,39,36,47
3985,51,69,67,62,58,54
3986,24,27,30,19,21,29,22
3987,46,43,37,41,45,36
3988,53,49,52,58,67,71
3989,41,38,35,42,40,33
3990,34,48,41,36,46,43
3991,22,27,20,18
3992,10,9,14,11
3993,16,13,9,14
3994,68,52,57,67,55,65,69
3995,29,27,31,19,24,17,25
3996,3,1,7,4,2,8,5
3997,34,37,48,35,33,36,39
3998,36,39,46,48,42
3999,19,27,17,28,20,26,32
